0x46f0Be64a51a3da1bF0627403679CBda2F9aB7af,9729378351434270000000,1223,0x7ce2e668f9136802a770273dcd423417e9ff3652
0x46f0Be64a51a3da1bF0627403679CBda2F9aB7af,5848738769346170000000,1224,0x9a362744b547748037bbc0529f3c0ae685e7d933
0x46f0Be64a51a3da1bF0627403679CBda2F9aB7af,2824044243546040000000,1225,0xd113c1e2c7e03340757f6c4ebdfa1fa8a5f95672
0x46f0Be64a51a3da1bF0627403679CBda2F9aB7af,50055012526743400000000,1226,0xb7aac0c4d1632885adce6bb8d3da05578f5eeb89
0x46f0Be64a51a3da1bF0627403679CBda2F9aB7af,1695000000000000000000,1227,0x675dd43f6edc0e0b1e1102588e83585a924f754e
0x46f0Be64a51a3da1bF0627403679CBda2F9aB7af,15221147732528100000000,1228,0x3b5893cfde737818386f09aec818d4df44144b83
0x46f0Be64a51a3da1bF0627403679CBda2F9aB7af,18111649853057400000000,1229,0xf8cf9fd2a2e81c252dbea55e3d0dfa5314e1289a
0x46f0Be64a51a3da1bF0627403679CBda2F9aB7af,5654486172397750000000,1230,0x48ecfd02c338e239a0edcbc393ad7bcf8e21a3ab
0x46f0Be64a51a3da1bF0627403679CBda2F9aB7af,1942107102570350000000,1231,0x864a032fe1fc64998cc135808b13cb981e532ce5
0x46f0Be64a51a3da1bF0627403679CBda2F9aB7af,57490964800000000000000,1232,0xc6d1e443a74374848b6fbfc5e6b892e41c1cb4f1
0x46f0Be64a51a3da1bF0627403679CBda2F9aB7af,1109870614355870000000,1233,0x59c1dc548ed9b7fc82e1b3ec23c038ea8f3ef47e
0x46f0Be64a51a3da1bF0627403679CBda2F9aB7af,1456224022322490000000,1234,0x2b565d4089a768696e9eae80234c2e59e477bd5e
0x46f0Be64a51a3da1bF0627403679CBda2F9aB7af,529856803033474000000,1235,0x10fd42f02d1a3fe88b489346537f9da8f4ee66c6