0x7df618c193bffd172b2194a0b66f1c726f069d1e,150,12398900318879000000,12398900318879000000,1231,0x293a16B67fE8AE8261f8B7b6F2181Cab5751a811,1,12.39890032
0xf4605a6a0fc095099b9aaf7ffa37c0f5e5c41434,156,21470000000000000000,21470000000000000000,727,0xF2407Da9B9841d15Acef14BF25b0b776eb8d41D8,1,21.47
0x7ca355f576fddfdc73dfe3379410636579685b4d,287,11300000000000000000,11300000000000000000,287,0x4a97f88728f25c7F8A40398C8F1f1F6C08Cb448c,1,11.3
0x0ef27f6ee5290b4d38868bc3efd9aa09662c6d25,330,14027246022771500000,14027246022771500000,194,0x2c605c0d5ad2160F25820A7737434a53de7ac44c,1,14.02724602
0xb792ca8551f5fad8db7ee9257e5b8cdb57998834,459,634686552336110000,634686552336110000,991,0x3aF81b69D5b22a5E59a2194AfCa1468a0Bc009b8,1,0.6346865523
0xe1882249519126a144083abb13b33ca3cdcc0be6,537,8556893659563000000,8556893659563000000,458,0x05Bc50550bBb3c8e5dB0ef2a62E32e3f9f8F4454,1,8.55689366
0xc08ea9f1c02509499bb92afd399f6c140b537e50,543,21470000000000000000,21470000000000000000,980,0xcEcE33ec362F94a145fd5F1515148aad069Ed927,1,21.47
0x9b5a493a922fbdfebef5ea026279d6c1c24f29e2,689,1736468796500000,1736468796500000,974,0xA00FEF08A04B195bf0c6fE6866eDDFBC8a00659B,1,0.001736468797
0x53ae3f85703ec52b42e3986819e22aef64305a2f,712,49255024435663700000,49255024435663700000,1925,0xBfE9Dd288eeCb4279081246F609A749c7Fd968dd,1,49.25502444
0xe9473ddef77b8973c30e501af4b84b7e22fbd572,713,38255908805765900000,38255908805765900000,1912,0xa7E9D58faae6F9F3677D1d78253E2BA5cA97D833,1,38.25590881
0xec8a5c2e10268d6faed8fe94a0b82906e50ed563,714,5974908610158050000,5974908610158050000,1829,0x37CC6879C6fe6F6B8149843836066AB899b74acC,1,5.97490861
0x7e82992d1c883f922e0cf2d91428f84744792d62,725,36248796107019700000,36248796107019700000,1914,0x9175B8bB6E49217e068b26F12105DbA3dd6a081b,1,36.24879611
0xf0d7ca49d902ab34e1727171732ceb0fcd3ae275,726,22555299747617900000,22555299747617900000,1876,0x2C9f525cc135861D2c99fCD52f0295b33C3Ce820,1,22.55529975
0x2cf8c8c5ad01502deaf4095ec38fc609453ef8e5,729,24925781031456300000,24925781031456300000,1879,0x8CB6CeCa3260DA1297Fdfa6dF23c42E27D89291F,1,24.92578103
0xf1c28a12d3a318b3e4d06ab2e1f69baba94f624d,730,30693865803434400000,30693865803434400000,1890,0xfdd76D3385E144f2cA6AC03D4ca6fFB818450f1f,1,30.6938658
0x731b257a15af0d77c89d65cc1303751f6aaa82a6,733,2614016920799660000,2614016920799660000,1820,0x1428C2EC291c77e6E4F06CC0ffC362B7a994ec61,1,2.614016921
0x2c229f8803d1ff882954f62da7d99a4e19865929,734,3780025106641120000,3780025106641120000,1798,0xb8f74A6976F334e00BcC7fb29cEFb3bCe8555287,1,3.780025107
0xf8dced1f97d366c43b527def32a0ca546e6e2b64,735,13779892880733600000,13779892880733600000,1843,0x1cC89Af3c74C76E08D80E8a882f0643A85c898eb,1,13.77989288
0x7a247b651b81a35a2371a9237ffadd8052437115,736,9671344376315790000,9671344376315790000,1849,0x17EE2b8cD74CaCe4b3ae8bc153fe640F1fCb1C51,1,9.671344376
0xcadd306b4e0cda627ad75cb9047ae23b1568e322,737,31060626327501700000,31060626327501700000,1898,0xfc21042008C8671ba7CF6AAA472520aC90E49ACD,1,31.06062633
0xe84a19bd3655fb4c6d1bfacb444335620478e472,738,17147970805751400000,17147970805751400000,1886,0x4F29ec94a7DAb910239932C3E4B5151b5d786bA0,1,17.14797081
0xf6de3d6eb349abf2aa7211392888e81ca7659d51,740,43615103640898000000,43615103640898000000,1918,0xC223911B1856a15FD590932c0634Dca5dB801746,1,43.61510364
0x14b8e759e1cdd510522973dcd84edf82dadf57a9,856,43697019547258500000,43697019547258500000,1920,0x6b366FD19d755b32250316363De7B62069FD87aE,1,43.69701955
0xf1df09bba5e4440e8a5ae410dd4e199706d23bf4,857,34034947674919300000,34034947674919300000,1909,0x56FbCB8231B7f813864a6Fd8208425D7cb00FB39,1,34.03494767
0xba70e40c218534db2d91d86bb317a62cea5c1cac,859,41859011262628800000,41859011262628800000,1915,0xBbFeB05A5cCb12Ce377D4bF5e6A5cF71A0ee1794,1,41.85901126
0x0c9c5f404943180a689670414364c6e9af844c9e,860,43598399431349500000,43598399431349500000,1919,0x9f6C896Cfa92dBd4B65d0e57193CdFD830fD60BF,1,43.59839943
0xa0f129d76120248c5cac0bf91995108e9fbffa8f,861,30551216359081100000,30551216359081100000,1899,0x708e71119CE4C30DB29D502888f497219B4DF287,1,30.55121636
0xfda63aaee492844ab2ced371858d0d478a4887d9,862,33850006458427800000,33850006458427800000,1907,0x9E3e6E04dA45a635944979a2d386aCDCF5FBa0d5,1,33.85000646
0x50be426559e42a249c0ae3254b98f4e34ae4e17d,863,33531491037407000000,33531491037407000000,1900,0xd27622Fa029F1687100C033eeC0b92dEF67ec762,1,33.53149104
0x59b7cab462e5725739144c9ba2df896422ee8493,864,36325313293268200000,36325313293268200000,1911,0x06Aeefe7818904b7fC726F5a79F9Dc96721A0817,1,36.32531329
0x0f922af2cafad417ab72b83706a87a307fc8f2e9,867,19259303195454700000,19259303195454700000,1869,0x119647DfDA69f07134E19177b5C8D1b711b81282,1,19.2593032
0x9801676c2abc339e5395baafb48b17aebd4f9372,868,34221591526980300000,34221591526980300000,1908,0x948D08d79AF80C814fc3077450fd34Ae101E29f0,1,34.22159153
0x4847704242589b93f52e46e4a824f0eac474edbe,869,17079788666089800000,17079788666089800000,1851,0xaaC7c318F9D2FaE80199e1E4B4C00Ae499d0d96E,1,17.07978867
0x89141bc0cee51f6f9c1e5d093402ce5ab5a4bb00,870,39582000274668300000,39582000274668300000,1913,0x00010CedAa94656e32bC454CfEfC79BeAb16D71d,1,39.58200027
0x28eea86d03ac9f020e4539abd350b79550978b26,871,31015117297748700000,31015117297748700000,1889,0xD8037d0c26Fb1f1C66fD0b32C29973607836B92F,1,31.0151173
0x4b8d42484d48414f7a3467ddd8fbacad53a010eb,872,45531246639576200000,45531246639576200000,1923,0xd9C3e4024818F3958623daC57A62EC7D3E720a13,1,45.53124664
0x494531110e5a3dde01725e09fed7165ecb16c626,873,28318794373687200000,28318794373687200000,1887,0x74C4e4afFB1541Ffd9C44e75d3A898C35C6Afe9A,1,28.31879437
0x8aa72b7fe620999f7a784097a1e7de42f225fa70,874,49210879272704500000,49210879272704500000,1924,0xdFd756AfceD889c0428e0464dB7D8919483EBe58,1,49.21087927
0xe2c44f05ad18a39e78e24c8caa8f812d47842e31,875,22807859079972900000,22807859079972900000,1878,0xdff67C4857DB3E77599155D1d5294dc4392A9f8b,1,22.80785908
0xb05519ee93df8b9659d81f6db18eb6236483d0be,876,29180670045628500000,29180670045628500000,1885,0xd7981c9fbD9983931049bBA6CBEB84ff2835FC9e,1,29.18067005
0xd70b45437d6c87d90929bf35c4fa11af9d17534a,877,45434494060672900000,45434494060672900000,1921,0x17E0Cf3A1e71eF1D09D2045bF892bA0E77FB06DD,1,45.43449406
0x97952a15d277b63cd9093738f31bb6507db197b4,878,45294824919678000000,45294824919678000000,1922,0x507fabC585676e108E415a11246783037B91D87D,1,45.29482492
0x18e650e72a775c9dae4a17aeaf12a7ecc58c4af9,880,4534337196348210000,4534337196348210000,1823,0xc7465EbE7f6f5be761277c1ca094613d79FbEe8d,1,4.534337196
0x5d8e88ac5751be8054c699ad218bda56cccb5ae7,881,43706878319919500000,43706878319919500000,1917,0x82329512026d476b043B02d18f147662Ef2e6fD1,1,43.70687832
0x399a1f04d6cb5aa37c2929f9c2cf5882cc673ae8,882,22253918012341300000,22253918012341300000,1874,0xfDfE7e6AB5f034Dbce9F262b32d6F355eB6B8edf,1,22.25391801
0x430d7d89b37cf053c4ec9be0e728a1c68cbf92ae,883,17825885848597800000,17825885848597800000,1850,0x004Be3f7a1192d4B38476e990fC5db131240e4B0,1,17.82588585
0xa7ee858b0ddea12fe1552a325f69b1e0f45f5f21,884,6297837475369910000,6297837475369910000,1835,0x1b322Be95f12fcbFF07e2Ff99b2C9C45404d13C2,1,6.297837475
0x09b0f2620fd63073c3a1640e36d2e60f32b30972,885,19552345913279600000,19552345913279600000,1868,0x91bBe6D553F2ff0F89Aa7Ed85660A8B2108602aF,1,19.55234591
0x9d941690744697475eb9b19f3946efcdda4b9b8e,886,9810401981726170000,9810401981726170000,1857,0x3C5377E6662ca4183f207b9E37A653Ae32aB6104,1,9.810401982
0xe2cc06af647a79095a695a041d9244fea7cea8ca,887,8504899839756230000,8504899839756230000,1842,0x215211B76BBA000728745A4C5565A2Cb0d72965e,1,8.50489984
0xba8d0c2c542ebcf964e376b3e5d7a3a92fc424b4,888,22719971938132400000,22719971938132400000,1873,0x387b3bc10B6E30e03b1858E5E661becA6e11064D,1,22.71997194
0x87c974f3d39880292e8ceca4887a6fdfe1378e9e,889,19336414212902600000,19336414212902600000,1867,0x98916c0BdB4BDd8bBD1a596ECc512be4739ea165,1,19.33641421
0x4fb49e917866e0ea4a5a32672daf82ec5d87fe0f,890,30680325554043300000,30680325554043300000,1888,0x98BAc69E7aCe461C2f1a2DbB5453B5Ef02f48f66,1,30.68032555
0xbb05d0b838b9e638eead511c9fde81726a887a8a,891,16381246945496300000,16381246945496300000,1848,0xa7332C34a65FC4b2e165340B0B3a87Bf441c1088,1,16.38124695
0x61ad008ad0789f551f0ee0ad1d37c2c9038b13b6,892,21957096449144200000,21957096449144200000,1871,0x1A1476B96f194BA0511716476081dADcf4E87DD7,1,21.95709645
0x7cfd9347dafcd3e213e96607ed926bbd62f31b4d,893,8304506159929240000,8304506159929240000,1836,0xe06B9351C22186ff9b0313011F0097091d7b835B,1,8.30450616
0x82d2a82d8435253961a6594e930ac07185cf540e,894,4660562680115300000,4660562680115300000,1822,0x7515ee0bfd96A0232114BB6c1aCa7c361B6b6362,1,4.66056268
0xb1c6518277faa3855f25a81ba60e8e163faa1090,895,11888095678317700000,11888095678317700000,1832,0x24AC086E499046dA4b3052cae5f25dfc56bB4427,1,11.88809568
0x5957d4f482f81709cb2ebabc0de8745be85041b1,896,4978642426218200000,4978642426218200000,1821,0x611422e406374efF3b0C88e6aAF4e687C8F3e5cC,1,4.978642426
0x2552ba4b68f343eba16bfc0ea8bfa97259edfd9a,897,19308571164073300000,19308571164073300000,1858,0x55d627d01ccfF6D2289c01bd7dEEaeFb2f3ddA8c,1,19.30857116
0x22b7c15b71aaa36c5b7915763cd7996dbada642b,898,13928671234164000000,13928671234164000000,1841,0x7FDBef4A1c7ef9ca05AEaE79f3Aac141320E9B04,1,13.92867123
0x879294b5b444f1ca88f39cdb01c7ebd84f9a87e6,899,8066804887683750000,8066804887683750000,1840,0x6a8ecDD6434970c320fe9a232f3B26379913200E,1,8.066804888
0xad6c1d56515a74fb81461938117800e225e59f90,900,22807839616695800000,22807839616695800000,1877,0x0c1C3d5003Fa5B7EF6E5Bc345746bbd154d60D4A,1,22.80783962
0x4d292fad974483f00ad1efd1556e74a5f2501347,901,5805774791238790000,5805774791238790000,1828,0x0f0CF657639470a5fDfbB2660f470A6b0e467c72,1,5.805774791
0x6c469037e41b98cbbec25db75b28c46ff5ea61be,902,6206327760068840000,6206327760068840000,1831,0x19452596ec10beE4b25E4e3AEB2dCb3289a1E341,1,6.20632776
0xce58868f49b99dfb35a1bfbcd733dc7b59048060,905,5911027333029710000,5911027333029710000,1824,0x0be4562f3F83bBD1FAa6E992019dD7E841936Db6,1,5.911027333
0xf3c0f9ba71a8a164f9216d517ff2fbf569089ca8,906,9967093629901340000,9967093629901340000,1845,0x8A38CBa7D6882f6Df73D431fa6a3e6e0153b3F00,1,9.96709363
0xb33368571a076a8208a714262e8b3658fb43bf71,907,11432198883438900000,11432198883438900000,1819,0xBfA9332DeE3524CfB41E1D762406db352d623164,1,11.43219888
0xe9369560a730f5a3510c2c9fc63d7ea773d390a0,955,10170000000000000000,10170000000000000000,883,0x8Da9Ff2f3943a870BB6CB9931C850a1D19B2c01C,1,10.17
0x635a03f2f7f61b1b4b0f22fe07ea9d27bee31744,979,38420000000000000000,38420000000000000000,1016,0xc6040aa074E5a595C9B927230AF4208a84434D36,1,38.42
0xf6934c96326f2057c52af635acce63a859311e58,1011,13919015791855700000,13919015791855700000,1846,0x361F83Ad11A99aD59C99034f0c663abd250d1De7,1,13.91901579
0x9bfb3a539d29ad81491daba7bbeb0f9225c16036,1012,19346207141046100000,19346207141046100000,1870,0x3F624d51eB5a5615A7Dd23E5461bf436CaBBa11E,1,19.34620714
0xbdd6779db60792dd346f84df544178175aeb0c7e,1013,13922733564953000000,13922733564953000000,1844,0x62205e522CB9143C2f2b32FEa00887C50e18eF63,1,13.92273356
0x64d6c3865f2350e8cb36d98353ed8b65878d989b,1014,4282190208938540000,4282190208938540000,1827,0xb26DE6eA7DF331B49596dbaFf7fdb068e3BF3D96,1,4.282190209
0x48c30caa7d912e2dd7c056c1fd481192060e6a4c,1015,42000836659473800000,42000836659473800000,1916,0x74eDb2889719fcCc952F613A323649608f2ad0b9,1,42.00083666
0xa7e372864488d7493ffe07a259783a69e93608a6,1016,34555618345403200000,34555618345403200000,1910,0xC275aCb2d264DDa6f88481e419fBDcb9bcaff192,1,34.55561835
0x26d99545ad35b87cd32e2cb772898f78c9c53779,1017,11585576979936300000,11585576979936300000,1839,0x2F1b2aA35BE7df9aF9491eBE03f33e6a86DB6D22,1,11.58557698
0x411fe595a573fe7f82a960c28f86e84e720acba7,1018,11454980589972700000,11454980589972700000,1837,0x61F5CD6B5F129fF17fBF0C596EE05C30cCDf4ca7,1,11.45498059
0x2e05d8d2e4b8ea5b0a5b19d87a218ba150400a5d,1022,22600000028409800000,22600000028409800000,1380,0x71C2E3151fAe5cCa9EBA1820a7FE9FD657C17308,1,22.60000003
0xcaac6067d9a42d58195e5f1247993a5b43a400f4,1026,13837572401033500000,13837572401033500000,1405,0x5a48a3e07305312f9Bf20A8b835E8513A866c98f,1,13.8375724
0x9c66d83c558f7b0e2b718abecf07333f18c750d4,1079,39550000000000000000,39550000000000000000,1750,0x929c101Fb253f91B0fC38AC1deAf1be7aEd6A623,1,39.55
0xb8924e9003ab9529129a5d91bcf2feb368738e9a,1096,2798087321369790000,2798087321369790000,1830,0x51039caaD05cb2F4B0705a005a45430aBD26a32f,1,2.798087321
0xfb6db7aa2a7c66b1f194c27c3214b7d28cfd6f2a,1107,4631692082786990000,4631692082786990000,1859,0x17C7d08696cdBB0d752B9d63f1661e68d7f517b2,1,4.631692083
0x604058a910c70586f942d27caacbf0ddac592933,1108,5901732633584300000,5901732633584300000,1860,0xE5583257119461FaD3555B6D9cD92d00D172C7Bc,1,5.901732634
0xba0e5713eb13da1dbcc7ad2e79639671d82c7bb0,1109,5894571602730660000,5894571602730660000,1861,0x6FE209F512bef6Cb74966F4eF8Be4966333d2b4d,1,5.894571603
0x3fd719ddd13fc924943dfe995bb0265b400275d5,1110,5918397079351940000,5918397079351940000,1862,0x08E110C30DFa63dea484B95b181816b6D11AE569,1,5.918397079
0x82480db974974244a0b90822913db9dcd95013f2,1111,13915385749692000000,13915385749692000000,1863,0xF6F4412972658500B565CB4fBbb6c9Cac7c1ae4b,1,13.91538575
0xa9f38c82d7915a6cf098f4f80a87faa9450b1cc9,1112,13875534650854000000,13875534650854000000,1864,0x1E7c95FB3C511E9E8608F1e5de5d90Df9F55bAAe,1,13.87553465
0x29037ff4c184f575f49aa16ab169ada19a2720b1,1113,16155345274979500000,16155345274979500000,1865,0xddb1D53863e1701262C4c88e4d16cdA80D758F4b,1,16.15534527
0xf9eb3ff6750e2ac20fbaf3d082acfad1fcfd7681,1114,15657767169690400000,15657767169690400000,1866,0x47570C09b5F9b57041EdA1B9dDE8bea7880a41eD,1,15.65776717
0xc185cd537904d8faf3991990c231dab74535e1c6,1118,20245492897719000000,20245492897719000000,1891,0xb3e6ffE77e8C0a75498898eDC11bFa416A7b14Ab,1,20.2454929
0x7d3dfa9534fc1ec160fb41d20c5f895e59cadeaf,1119,39232744763879100000,39232744763879100000,1892,0x2698cF9E809811Fe7CD0d52Ec3775DFC6b517aCe,1,39.23274476
0x67b1df527b6a6dd3918deb48f728b3bc58c51d8a,1120,40003758997521100000,40003758997521100000,1893,0x2DDDe2B2a2221E1F550ca95347F9f8e4A7FabDE9,1,40.003759
0x06c57207adf91461a63820a64aedcd4b24f224ce,1125,34747425394139000000,34747425394139000000,1944,0xd04677c23d66eAB0437b588170CA1fF94186f305,1,34.74742539