0xe8fb09228d1373f931007ca7894a08344b80901c,4553900000000000000
0x8719c66077e95a6fbc7811446b8c32ee15ac3cd5,3728710740000000000000
0x2d56f14f7623fa1ab587e06a630e82daa1425631,2500000000000000000000
0x914fe4a36a13f5c985184c9df4257ca86e37487a,1495000000000000000000
0x3214e141bdae08be1f382a885cf3d2a448a5e780,1250000000000000000000
0x67918ba8ef203852c14d87f049378ea647516b11,12500000000000000000000
0x8a90c38bc1396d2f658a1dcbacdbd9cab78b6c11,2500000000000000000000
0x0994adfc5dc0fbeb6c68560907c8fb1e025b2e70,1250000000000000000000
0x183034eda5da3cc088c7326114b09a2a5e57e044,9440182757343000000000
0xcf1cf25e5cd7aea5f86d8400d600411be1d85d90,2500000000000000000000
0x7335f905b4dd29d58c5afcb4f8d8016e1eb5ad9b,2500000000000000000000
0xf624c52ff68e8a2be33d1c4b1dc6127e725e2ef8,2500000000000000000000
0x36ac11720d371d123f686056fd621eae0e227ad0,2500000000000000000000
0x9d3f2735904881ea4f1e1097a7ce07e503fab0d5,162672468637039000000000
0xef261ba2e734f3571c7bbcbf27a7184e632b565d,10032168250000000000000
0x08eb0034082e7cecc9dff0cea5d6d247f83782d2,1000000000000000000000
0x6e81417b312917305d12f76fa3b6bd66ffaa75e7,72995960000000000000
0x41c32b996b2cb71ca1974399e3523c72f78f286f,2500000000000000000000
0xbed03ad2b5e1ba98a9b67b4f12b4c5fee486d40f,1625000000000000000000
0x0755c865e5e46b58f3ff790b662e7998405f0c46,2500000000000000000000
0xafaa71df19e5f5c275a793ae5b42277c1e84c70d,602036386333000000000
0x9fa7819d13b8e3fe50b1a0765203f94a82a85763,2579565279803000000000
0x9c92f6c44254b2d41a3910fe6d958f953e095b07,2500000000000000000000
0x6c36e66695c38598a08b15e1c6bea9ae0bcf860e,5236596507714500000000
0x9d09ec3cbb97bc6571168a155cad17043ff1093d,2500000000000000000000
0xf3eab2365c8689d7d429e9cf03c78b29f07907b1,2500000000000000000000
0x027dbae8cae90469d2e9ebc6e93ab8a0938d9de0,2500000000000000000000
0x2ad85cdfe8e8ec064c3d10944039909b5e328499,185078965682559000000
0x3f2b9232ce37d489f846d4464648f14036c6ca12,50000000000000000000
0xdba5b042e602d40e9385e6efcf3d3fdccdfbba62,2500000000000000000000
0x5ae5e5278ce81a34b1fdfb737f7a6adaf8d110c4,2500000000000000000000
0xbc71a5170b3c8386e80591bdf95c3e2cbdc6c890,2500000000000000000000
0xc8624985a64692f993b72d4ae3318dc11c2ec01c,1250000000000000000000
0x23ffa003d2d6ca396708cb41d482907fbd19b0e1,570000000000000000000
0x8bc8b4e4921101bcc56ec084b906069b73de7276,2500000000000000000000
0x70cc711c52d00d7229b89271e885b1716903c649,2500000000000000000000
0x74a2e6a985b33454d39a0b333f51c3315cafc125,2500000000000000000000
0x94ddee5ff016be756882ab37714013e9b199ccc6,2500000000000000000000
0xd6dbfce2d957103fc8e0f66c7d24ac2b481e913a,13246250000000000000000
0x18b8dcd355ef6c1510d59d7907cca23abb9e3899,1000000000000000000000
0xf38b07b8ac72ad70806e902c2ecfb7edd36ca3f5,534359710000000000000
0x63e644672f19abb159ae3476017ed8e3747655ce,1549048062774140000000
0x7e5d174fcac4e06949b7d3f82c18edc4199da0fc,475000000000000000000
0x798031c6b05a37c4891e6928b1c85fcf153f5d70,8193278547845000000000
0x0faca1a5cb35f7259b8f2380466be0a05dd4d3eb,495182600000000000000
0xe140c5ab801b676f8a7040fdcd42011945858b06,2500000000000000000000
0x620f9712999f768600f995666775e7a40d151659,2500000000000000000000
0xb7ee483080b3b1a82e24b3c80d94c5c1f536fdb7,5369942455000000000000
0x6620b86ef016e3b9f57a9dbbc5f114311d4f8d28,1243750000000000000000
0xbf923438a135a99712d4c4b3db413a0817a90f99,2500000000000000000000
0xa4ed93e37078ace96d60c29b728fc2db941ea465,1771365178101380000000
0x1b47235150bcccd6b51f60f175174dd2d579bc13,4987500000000000000000
0xb9c0aba138b98656ffea4309bfe2881b0b7c1d96,500000000000000000000
0x40ee2afbfbc4286b25e2a194920c7d9591eef9dc,299638050000000000000
0xacad95570031453be812b88da058a074c26e3535,497914550257500000000
0x844dc38bfa4882eec8c5b85dceb08fc66a7a4fbe,2500000000000000000000
0x38edb2f0462732072340ef27315fba845b0005b3,630000000000000000000
0x043969ff3b18b57aa273264fb09e7c1bee5fab39,2325000000000000000000
0x0a5abc4eef196994abb9cd34fa8fe9229ce53e4f,2500000000000000000000
0xc13a80fd29cddf5290d2e301b3121df0b73b4401,2500000000000000000000
0x10e854f4f81788de24acfa8d0d6c59324e581b6d,5000000000000000000000
0x54d07cfa91f05fe3b45d8810fef05705117afe53,25000000000000000000000
0x0d67ba20969fc75824be13ed7bc941c8e00ab03a,93090410000000000000
0xf0fcb5b2ec2d511c4338f59528baafdaa1f3ff37,2500000000000000000000
0x4fde4984945eb103a448859b689cbb2593125f6f,3154867430236500000000
0x8f1254dec7d36bf1f0592dd378e074e92b46dc68,2500000000000000000000
0x8cc6360e0ebf3835616b56b970a7440f19066ce8,2484710680030000000000
0x7a0e7adb1b9a40a4b4656ad55102d46dfdd6c19d,12500000000000000000000
0x85e4dc00f4cd70aff6b03e68fb8bdc2501f8dcf3,1000000000000000000000
0x3b4866e690ff975254a3bdb3082255fbe150cdaa,1390929693347630000000
0x14edc2ce4e34d610539543e19dbeac3ea8ac7d11,4900000000000000000000
0x6f8497037a48d3fd51838284f49ad59985862865,554949588192000000000
0x64aa54e33bf56ad66125798a68d00f0f614d91bd,2500000000000000000000
0x12c00a732c950990c2544a961994303307177e4d,2500000000000000000000
0x0acbf098245687c178352ad72b673a5e45741ce2,2500000000000000000000
0x4336fe3a3cc026533483163fb5e2d49db999a711,100000000000000000000000
0xbf1bc5964f7d035f83f159f00209ff4352bd7394,6126048297056470000000
0x4210deb9feeb59f4dda3e7295aeb6f39f7f4952d,2750000000000000000000
0x383697a7fef14483920ba9be57c26115383d1dda,400000000000000000000
0x71423253a09ef09603f74f62337475fb00bbe59e,15000000000000000000000
0xb1e9c01461b0d943b27d2e033f3ba15b24aa23bd,625768335642383000000
0x05a13aead76ef4d601ee3675f7c31679970ee0c2,2491581416735000000000
0xdbfc3230dca0b50df050ac5d3d42bf1ecba1b82d,5000000000000000000000
0x95d522421bc057e784e1fa8a1e80cb1e3ba9eb09,150000000000000000000
0x45376f3927b74d4625d5c1ce3fff609dcbf8245a,7500000000000000000000
0xfb7405075f2dd0a2aaca6ca2d87d56e09577d6ef,500000000000000000000
0x5efacbbe3f5f1fc534c8262418bbb4afbf26c67a,25000000000000000000000
0xd99591a00a7ad4b5c1bc560edd219f7749acf2d2,2500000000000000000000
0xc2dc013edd48afdcd7b872d51d55ccd1a7717e28,2500000000000000000000
0x4ffc5f22770ab6046c8d66dabae3a9cd1e7a03e7,2292433420000000000000
0xc9b75b00592021707fb5bef04478c3282c642ba8,2485000000000000000000
0x6dd8afd0338510eef17db0fb4f76b0cfab9002d3,12492924270615000000000
0xc701830c14b59f8fc4911a68110f1659cb52e215,255380000000000000000
0x2c0d8f4fdf2f5f98c3194b4ea5f5c1d67bcc4185,3750000000000000000000
0xd70443668becf196c9e6ea2faaf766cd09714c69,2500000000000000000000
0xa953532e73e91e7b5737f5a5c13385a6c1bc0e02,775325632929305000000
0x0d8807e947a7392e4d73fbcde7624723f82177d3,2500000000000000000000
0x6523474f7d873d5b20f0c2b29741b0e324b25eb1,3140000000000000000000
0xc4c2ab9937be49cb034a08461ef243849a9a010e,5000000000000000000000
0x91abf183fea991c4d7b7b3f1ef6ef71816ce3598,1000000000000000000000
0x172f86ac7711f5dc024934649353bf864af5055c,2225000000000000000000
0x73064f6c1c5dad8d917782aec16ab564feb3c011,2500000000000000000000
0xf3e36e557a325af44acc5834759055819e22aece,2500000000000000000000
0xe72bf2d276b8fa6dcb083d59b6daa927c8e03708,2500000000000000000000
0x6e5814b736972e05a5f7421724c2dcf6ac8862e8,441705122017345000000
0x40a25b3c5ed876111962dfefdaaee426c8fbd789,1475000000000000000000
0xf9df78d070f24c644d35a56a8f2971b590084e9b,2500000000000000000000
0x27a61d350696b11355bf0e446e17c36a7d1f6577,2500000000000000000000
0x854380752aac910a3a35d0a6abaff65739134f29,1215000000000000000000
0xfa74c11a96c937d2bd9d6821c2e75c98a70cb690,10342177237250000000000
0xfcbc81e0bd5b43361b17173697babb1f131683dc,2500000000000000000000
0xdd7efb05649ca2d7ea7851a0291d442be8d9a2eb,1115000000000000000000
0x634a8914980cb66c88e087d40b444c61b26971ab,351633595199500000000
0x42f71ea87499a5bea2392c67393067019f278b25,1289985665000000000000
0x7f3707b6bafbe1c7b6ce0b20db0d31bd4290a0f7,10000000000000000000000
0x7d48ee017b5084cff6c226cefc15140d9a970ea7,14125000000000000000
0x1d3b7c3c9245ae2840c96f0e49705e7c155e36a7,7481250000000000000000
0x21fb7d4178046928914c29ad627504e36a2225e9,2500000000000000000000
0xa1777fa16351acaee482d2ee5ef8bbaf50a06ada,2500000000000000000000
0x703bbab0162d68a0c0a9378946caaced668ba391,10000000000000000000000
0x682f9c78f1cd30298b4fbd07f75d1a8423a2da26,2499998840000000000000
0x42fe01565e60d0687ab793de8cafc1e8a39816a8,3748261013415000000000
0x54881c1b56e0e7a62a3f0752180036976435b891,750000000000000000000
0x56abdefe02acbe75badace6c7e097638b065add8,150000000000000000000
0xfcecc24729bccb72fb3ec5d9bcb25a8051e246fb,1004074490000000000000
0x93f880fdd843ad8b03d73df88aa1b75d540c5608,4975000000000000000000
0x28832696d28523a86cbabecc710ab23ed53af9de,2500000000000000000000
0x0db32190e72011f15ac925180180d3636e19b3e9,3265000000000000000000
0x717a54bb10b3a521cba342cd5bab2fb1b693645b,2500000000000000000000
0x9f50183812bf7dad0967e6cb42aa041919c13026,1250000000000000000000
0xc0de62487f78176a74d3c59c470cedaf24fcb543,2500000000000000000000
0x1bb100e126fc108074224401e17b782eff00531f,20000000000000000000000
0x5788d8078b0186893c12fa5324f227d0ad400c1c,2500000000000000000000
0xdc0d491bd92861746c745b257edfd8cfa631470a,500000000000000000000
0x0d44dfb5ebcdbe4027fa41eadd5d6a5d7e8960a7,500000000000000000000
0x83969b71551fbd37abe24e7c603dd860ad671f14,2000000000000000000000
0xa3c9ba8fe2ddb90653deaa9f8c3e8e218170f3da,2500000000000000000000
0x8ad29ae0d3cf87ee8d8f5cb2173fa7e08c00cd0a,2500000000000000000000
0x0e2e091221b1d79cce17f240515443dc139c7d90,7000000000000000000000
0x924db8a0fc37ec7dc1051fa7cf9f75824cc66e07,5000000000000000000000
0xd5a59e43fc13d568b4d208c4da19ece0c49167d0,1000000000000000000000
0xe7cef568405e37efe63c6b042431571f18a314aa,1000000000000000000000000
0x034777cbececbe88e911dc52f619c7dbc92578a8,5000000000000000000000
0xa68920711c50e59c33eb602f960b8a57c150c7bb,7500000000000000000000
0x0d7bfff4ef9c0a1d21586377e781f189756c76a9,5000000000000000000000
0x30e70ec201927d42b753373a20d3f22eeb039cec,1523227791476000000000
0x20a608d30b77773936a3ab3529d339b61dd7cd3d,2903321565000000000000
0x005c347d706befdecba149a6a171d0955d8709c8,1205920512800930000000
0x0f27f672d7ab745d9f4a9d973140f69179e8fd84,750000000000000000000
0x5b51bc287607cc58f178bac3c2640079c7a9a436,2483557510970000000000
0xf0a5b2b6cae282ad9a63f6f39551a831f5def915,82600000000000000000
0xa789b08c4cbc20c48ab5a96c541063c6782b1ad9,2500000000000000000000
0xecf37cf863a1979c939b458b6ac149820e3182c2,497500000000000000000
0xccbc5bcc691312593ef10ebe76b92ad68c257311,290392153629308000000
0xef31f0ec938324b6cdb81a7cbdaec0daafa1f4be,500000000000000000000
0x283a2549b640e56901a8ced2ec5277a32cfe6425,2500000000000000000000
0x995528fc61109fda8ac1a05d230500069f532cbe,7462500000000000000000
0xc20825ed1c799a6d89421e4ac396e721d65d91f6,5000000000000000000000
0x1bba2c22d412e57fd3637bda23a2aa0f29d109ab,280000000000000000000
0x0fe1aa632a2837239f218e3efad21e8018a9f4ef,488874434871182000000
0x120618a7ddff2bdf7cc36c9eabbbfd1699d49a5a,500000000000000000000
0xf78177359b40ad2733432e593f6e0f730c6e5165,1250000000000000000000
0x90ad55e2b24be2f6e3fcd1af272917772a2af79d,2500000000000000000000
0xe0c34da87c3c167c8df38e07dff5ddc34852106c,2500000000000000000000
0xb47342445e741a05693931387c4f9e5d846d54c0,2500000000000000000000
0xaf28d4cf056f6554022d3f566e91e3d9c3e102d7,10000000000000000000000
0xdf9e2288b48176b1f4b12548815decc09e9f2f79,2500000000000000000000
0xcf7a2743d3674dfbb758ac24611de3359e0493ac,2500000000000000000000
0xe259ee56f5d07b346a9015da08b8de01e31798f5,7500000000000000000000
0x83b285e802d76055169b1c5e3bf21702b85b89cb,156148631033934000000000
0x2f7d1616214b2651529beb05857dfc2f3df2fb4b,2500000000000000000000
0x91d5ab4c81dc76bc9999e8c50bf156ebc6eaeffa,7500000000000000000000
0x23196c38ea8a43c221ccb4ff0f8087a43c1bbd50,2500000000000000000000
0x08b4d07d6ee91ff17036a64892a12a9df09ac77d,1300000000000000000000
0x996d2565af850490a1ab01e29c8653e4abaceb51,8500000000000000000000
0xa33f127dbc8d625657ad3b995879e9313fd42446,1829262660000000000000
0xf145c56e2ed2e47ba9a03e11ac040203da36710d,2482250000000000000000
0xacdc9c028fa0cd97e7ba0baf2cdd000831fa4ebd,2500000000000000000000
0x9bff070ea85902de09e1fda1798e9b805df2975d,497500000000000000000
0xa9dc4eca1bcac5a7cada4fcb71f6995355be2026,2500000000000000000000
0x6b9e4f287d44cea39cd8ccedaa42488617aa21a7,5000000000000000000000
0x508b0907701dfad406bc80e7833fd60e267e26bb,1249962500000000000000
0x9debadcaae4820092c8ff7dc741c9ec7d9e95027,2500000000000000000000
0x20a6c8ca43c764de584d6fe6862ae3660427cee1,2455000000000000000000
0x649fc67b3f798789734bcc750c6e370056b94eaf,3750000000000000000000
0xe601ce9b41a978ee16f437c9184facec9153cb72,2493750000000000000000
0xdebf69ed0c0484a04333ca25e7bf937ecc1102ee,1001293580000000000000
0xfaa3be71ae13ab9eb5ace617c319d2fbac881444,1000000000000000000000
0x1beb509874d823e6bea7404b2f2793ec8659f63a,497500000000000000000
0x3499c7e099d4f511180b6b4e164d8f6bfe1a635f,2500000000000000000000
0xfa887e2904bdad1775620bcf3936de5593f89a64,3500000000000000000000
0x9c0d6591f343cb2a709341d60b2cc89319b77d47,2500000000000000000000
0x126ed947de7b84ab29526d35cef99c9b72b285a5,3232091818840000000000
0x1afd3a258b1a9b397a24a239bb70444b478deedb,2500000000000000000000
0x81adfa0309a1629f68db6a6cff37a1fe68ffdd2a,5000000000000000000000
0xe958f49b2ece0e429c827552ffd3b318e35143f6,2046354500000000000000
0x523d0cd051e272856a2c925c08a5fba8425c4944,515240696795963000000
0xf59e34f7296a04c55230df15d7122bdea2a4ddff,870000000000000000000
0x5f399c16058cf3e0a243c2550225c9c12defb64e,5000000000000000000000
0xdb35bb57dc5746edf6faeca8d1ee192ec509a7e3,143828488395900000000
0x40cfa33517c7ae2a3352595092d6ca744f43e00e,2500000000000000000000
0x895144f6e9e75668f25e4e394b8a0b557261e97c,1000000000000000000000
0xa049afef83d112f9b9ac4e9d743c50ad08ebee01,45544330000000000000
0x812e7d9c0bd2927565002b7dcd75a7d90bc7e09b,5000000000000000000000
0xcff8097b146dc56f40bdf34e18e0283dd404765f,2500000000000000000000
0x84a8991f44a74ed7fb0fa6383ebf5f13063135bd,2500000000000000000000
0x225516233e7601c68dd5b586a88a52b21eb56204,7500000000000000000000
0x0766053f1db632a0b29c5cbed33f12ee2875823c,3000000000000000000000
0xe49f9c282fe9c9bec52905cf11fbb93a59568fd9,2500000000000000000000
0x8a5125928ec63184ebdf2ecb5300d054085466b1,7465308527550000000000
0x8fabcf470152e44e01750d50f3631f538b8c5d8a,12500000000000000000000
0xddc9b3886d7bf6b8ec6886bfbb38aa381ba47e09,2500000000000000000000
0xed1e925a7c3fae940a721fd121a91fe3121a8361,2500000000000000000000
0xf8e5e7f48228eb3f76c0707609427594d2c9c75a,2500000000000000000000
0x06ad2f93b61eb355e6e27d9eb8c67ef8eccfa50e,12500000000000000000000
0x3ec360c21218887974984daffc30480d327f870d,12500000000000000000000
0x5d8d5184b35f0569b79d7e169be0aeee21a3c078,5000000000000000000000
0x56ae42256f47d488f74efe18089ec1e83f0ab9d8,5000000000000000000000
0x7ebfcbd88c655eda9e69f03e76957b6c5ed002ab,9830513500000000000000
0x8ba37484b16fff196d05bb15329f61e00564d286,2500000000000000000000
0x2f02c4e2da54a0df1f40dfec773ded5125dc28bf,951733350000000000000
0xce5b6d4f24b06f9c93c42653695a26ab88f1b951,1000000000000000000000
0xd3a58489c18b759be1c282ef8885f70cebc2f1f6,7477214627200000000000
0x1ce3b4905eceac3ddedfc54be775b5f7a627001f,2386492860000000000000
0xcb938bbed7789ee8aabd259a8cb789aa3500bbf3,2500000000000000000000
0x7ec6be1c8630a54df55d98530b89cdfea1c11022,5000000000000000000000
0xb119efdabf71e3b38cdfa393af50e972a1149e89,2130000000000000000000
0xb1fe6937a51870ea66b863be76d668fc98694f25,2500000000000000000000
0x8f0c9c9bfdd0fffc7f71243ce9901f8eee54a13f,50000000000000000000000
0xf0fec8d7931eac24957d135ea6d928fdd1756d0b,970051970000000000000
0x93a4a366de322dcfc68b629d6086c6b19be4aece,750000000000000000000
0x98d1d755807c8e98824f003c402ab40c1a7e1847,750000000000000000000000
0x6c0d470d97ef1f230eef10a5c848afcc8261ed67,64791016493000000000
0x95c6f877097112048642a07ea2c98884294cd69d,1700000000000000000000
0x8459d0ff48d1a3160e91e20e7f50b1f87e33e754,150212424950000000000
0x74c52e38fb622329f596e573a4878bf616eab280,2120334140000000000000
0x461bb0de40f1a1a17d0643955b3dee140a2e040f,2500000000000000000000
0x94eb7f76d293b612308cdadcc6913f84a51c1a5e,1000000000000000000000
0xa24b12943dd600052ba36a2543f3598c5b6baf3b,527100000000000000000
0xe87e0cf659bcd3b4196d1b0351b165c5502a6900,1000000000000000000000
0x671ec62d8654f3d553dcc92cb833c5d0231903a2,2500000000000000000000
0x4b0f861ca9455422fafe7e7a6080f193b54aaa4c,12500000000000000000000
0x83f640501abf5d520897f7ee6d0c1f2fbfe267cb,1350000000000000000000
0x8d9a3b477a5d85f945973aeebb438bb20620e074,2500000000000000000000
0x283afa6d959b216996f9ec93cbe72bfffbce5540,2500000000000000000000
0xb1303c8554079e0ac4fd7aec1a4bc1823ee17d7a,1000000000000000000000
0xa53fcbe44e0d7d64069a532b9345b918d0600af6,2500000000000000000000
0x95ae20f7671623f3eb77bf5efbbe50aac5989db0,539087085000000000000
0xb44fc6b75576bed059bacb188c0b466a408ac7ae,2500000000000000000000
0xb572908c7b7d4da54c0a25f35d501f78399aecf4,174121907003728000000
0xd69650ae850450c58477577520de854d629180a4,583498626110327000000
0x879d6f00cef2e6e45c55ec2cd140e4b3d070bda4,2431880175000000000000
0x06827bac9ee04469908c445bfe65fb0937e93dfb,1500000000000000000000
0x19409ed3dd77c455306181d63e49f4d6c077271d,2021451760000000000000
0xdbe732abbc407eecfd7853cecedb07179d8c9185,1495000000000000000000
0x78ee7f30a9e1a2b1be52e924c9fc7b608177d772,12500000000000000000000
0xeb2804b5840a210cd984886118971834276a54fc,1712772250000000000000
0x9d2dacf09e1312215f4d2dc55119a3a39693871f,500000000000000000000
0x02aa0b826c7ba6386ddbe04c0a8715a1c0a16b24,1836457123890840000000
0x70022acd7cb7286237d372702e12c8547f56d438,455260982191500000000
0x86d74a7e88094a9de5e02ee666a0d2a5a7232eda,2498382380914000000000
0x96b1f3b3d0accdac89527cf5df1b029dec10e6bf,2998797268079000000000
0x0d268e9b0dc5870fa1188ba99fed52edcc81a985,2500000000000000000000
0x9968ecda247ad4cc36a1929ee3b6bc33bf4a7156,255613665000000000000
0x482f3f3065ee579fb55bdd3aa139436bea0d6362,1500000000000000000000
0xb1bd394c25f653b71f56f66df4a54653dcbcaca2,12500000000000000000000
0x26fa55e7c4e23f41a11507fc8849061ce9bbe8f3,33330000000000000000000
0x03da4af92cdfe051f70897ad41bb80a24f08eb7e,173268335000000000000
0x1c00268fa3499658124b8fe6789d371c0a22a21f,12500000000000000000000
0x2ba839c06df087a5a2c9d133769ad5e7e339744f,2235818000000000000000
0x450ec8d3a45d13d8ce693d5de438cd9c2ba9f200,2500000000000000000000
0x7fe58f9f0f6994a1eca9ce586a73d77889821ec4,2500000000000000000000
0x702c0ca3d5f5f057671074466311c5d780413932,10000000000000000000000
0xbe483febe91bb52e2eb17d7abe0c6ab764359735,955000000000000000000
0x2eca89d84843266d271c98a1e11d95b1cf002765,1243897585055000000000
0x0d3409eed02927d6298ab98bc79496cbddecf0b7,1000000000000000000000
0x8f9946aecc395ed458abee7983e04a7b082081f1,830395000000000000000
0x3b46a777dd4657d91ecc9ee3efea1162ad1cd9f1,2500000000000000000000
0x7af2fe0509823ae1ed416adbf1f80d452116fcbd,2500000000000000000000
0x3692deac64b094a00fd8b55d0da43cca6df52694,160925697359550000000000
0x702428abec56404d3045057462e1b43595ae67d8,10163468795000000000000
0x39260b9be6b55b18505c6dd098d7fe0bb8622101,2500000000000000000000
0x5fc79e21ceca2aa0f7a0aac71ef3ddde8f004e9e,3732098295100000000000
0x81afcf6dd79897cba488471ecec2f41bf3f7ca9b,750000000000000000000
0x49b4e720dd3ab0d018ce4bd51cca31a79dbb2171,2500000000000000000000
0x8a87448948625e7ea7822bff2c740c5cf9723d4c,1250565000000000000000
0x9f9e2f5a562ac6fb579def0f1cc783cd1e0023c4,60826940045777600000000
0xb6a4c852fa867544b0462eba736bc03421127f48,374892472542000000000
0x708b1ebc569d0b4d127ffd2ac5554efec032f0aa,10000000000000000000000
0x8c0b6b120f5aea462031ef41dbe5ca77e231d9a7,1516204109500000000000
0x6628dc0fd2713542278099fca25db9ce53750e54,125000000000000000000
0x08cc7c08acc45bc07966e1fdb0933113b8fc0dfa,4000000000000000000000
0xeddb00d08022f282a0179cb4c35697f50ef3b138,2500000000000000000000
0x1ccd8ff59612d4108d9bbe5f16add545efc6fdbe,100000000000000000000000
0x4564d6d107a19d3ab3d734a7bae61eb63dc3d30f,2090941025000000000000
0xba35e0dc08639ff7761c04d65b0781736b66481b,8000000000000000000000
0x477be27b2085d890df293aa23bcf010363cfb2f2,12407568999250000000000
0x465f302c87d19fad8d0f3c5156ecfbee2b97d342,476050000000000000000
0x9c212458a3a6f86cd466ea4c9609e0ae7eca8928,387450000000000000000
0x92b93296a457bfc8cd58eae6d33f08816efb2d0e,2481113165530000000000
0x9c9553cd0c8673651a36e5e11c4989bb629d4067,1462238516728520000000
0xd24ccc86e6c6d56b803b9276ca06cc63e4aa78e5,355499965888668000000
0xee9ca24fb62bfc021e1a46e09e1c1cbecd3341b5,3912500000000000000000
0xb410ac0724ed22454713cd6316ce0b9a2ee8d607,486440516666666000000
0x510c5e29e7d7ed78d4a7d81d98bfad8a2a67b45d,5618430221408630000000
0xd82dcee066e9440da0a2979d3d85cb924f59a40b,2500000000000000000000
0xf99c8873b972b4192e789f55ab954188d0d9a133,14022489572377800000000
0xfa537c114edd1d85a6019222c1c0e90707d2088d,10952726942237300000000
0xb8aabec6ff29d736038e2591dba875a5e3ad92ec,2500834385883070000000
0x61d4c4487c736ecad76cca017bfad8e61348b0e6,4957868397301180000000
0xd54bcad34cfff3071b0bc10370d69d2f1b62165d,1883333333246930
0x1b5905acb5e0c49b24e5172778f2c4dcfaf684d1,1612216136419360000000
0xcecc9a129372e6bc63bb35d3d35337fb85bfc1d2,1082011774245630000000
0x61a06c3d45a9e5a087b83a0211c01ed2d6f0f43f,34860367698459000000000
0xada1ec62224bd96159bbeaf4d15341f62abd753f,3041747110407170000000
0x47d8c2a28b2a3b3f143a8c44cd4fa90242f460a3,1883333333246930
0x3a39899dc78b7307acd83f51463c853fa79e1b09,2811654757890220000000
0x4e0dc5eae4826858103ccb556b9c517f67eb2016,2548913091532990000000
0xf58037dbda4d7263cdee26ec45b46d2a39cef83d,251060592475557000000
0x0df3dc2eb13ab4784a17d7bfa19ad61585117554,117650181016712000000000
0xa8e8c5adf3e714c682150d2f81ac8d5bfa2050b0,3078564466666660000000
0xbe7dd82facd47d3598803f44cb980078466aeba3,2246461106733370000000
0xb872547ee4c73f6002300bd78af45881ebd0a6ba,3733162403705440000000
0x025f4d2d2a34bb022ec22609f01dbdf18ad820e5,14034581018871900000000
0x5e7a0afc7e3c32f844114d3cb375ab0c456a57ae,786910893326057000000000
0x9d0a96a24d9c4033c882a3c4a3c33ced4254581b,5993470898388720000000
0x197ec83437f12490855f2c3fe9ab3fc08d0f7473,28601609293304900000
0x104750be1dfd7c2f0caf4009354427ecc0aa139e,2779581169124840000000
0xadc92e52414bb1a407f6216230be1ff574f7042a,1668085271266430000000
0x79919948973c896b96206df67bb05c543e1377db,1636494250071160
0xc78e7731da04aa6e6ce730cca7aae517523f49df,8413493743426660000000
0xf3119222fefd46875391333ed596246194717f70,1805000000000000000000
0x5fd61a1b02f0b2a8c8e01ee36359b234051f295c,1111172103863560000000
0xf199606027b17dd19286f0a953a44cb3f543bb91,3918420880864220000000
0x11faf40ffc2f2a60d22d5431ace9d9d61612d22d,78180028772699900000000
0x63c1d4ce3f0ea0a37eda12376205e25d2298af3a,15912434417164200000000
0x934c80e3a3e9136ee3558950385b66ac5e7d9bf7,13126994383333300000000
0xd407ce568abc00df0161e424596bdb04195ed28c,948994716666663000000
0x44658349331cb9f613b2c20ba0660e33b556942d,595188918806005000000
0x1e236701c4290c26820b006b98246c3240b52131,380034066666666000000
0x21d61bc952ea475fd54897238e59e63d20af7d59,5589733333333280000
0x0d2bab6899c0a058b0f3162f656660a2f41a7712,39541570884748100000000
0xe0cc396a48931c92e694a5b10ccb9d7cb6b64a1a,3564713502310940000000
0x7094a59a0147b7f247222a2f26eafd391e1c875f,2271264216666660000000
0x469132c0391ed5a39b00bd43c46228fc95391224,2455887383333330000000
0xadb6c65f95689f29a122189e5e4e13628ff8247a,3076314788531280000000
0xe477bc45111ab7f4b5b44d2620676be077d73a7b,4309224805906750000000
0x479eb1755b4b5d74e163d3b9720c28d9775771d3,1284097786515600000000
0x61604b9c4c438908cfcbccc71140a422fd04aa03,612926222057499000000
0xcef2f4cb4638b7a5195cc0979e0dd0965cd18e08,12283362977675300000000
0x61d7ece32854caf46c6304fd536704eacd4da256,981151670382452000000
0x6a429aade86ead247e47d0a24a0e0acad47822c0,9832699466205820000000
0xd13cf36b646adcad473523f7b32baa74f4f8f502,2375563976509080000000
0x6231af60c43c8e898d2121abae2f3d569daa2852,33045248010859500000000
0x3ab8c2c27a9c1a0b396758a77719e361b87240d6,595207295025218000000
0xf90cee3013399b22e1e80dcc3776ba5e50601943,1415259083333330000000
0xcd0cfede9810a9342991e58e2fe046ec2a9a8658,43832966064161500000
0x9ecd2ed8762c693008141a3809a56616da0f596c,458395020621124000000
0x5881e189629a806522c97bddfb8e1193d5e15fca,3657825448825140000000
0x76210ddcb5568069d06b33fff2689e2248ee492d,509477123667193000000
0x81783cc606bbc2618a1dd653d260777157ebad26,70602997763294000000
0xd34bad24ff7759ef033ca81d9d3d74dd6df4bbe3,10766758569980400000000
0x72ac3ebb6b9d674fad43a26e1a0e61010ad5583d,8830113980336610000000
0x2dcca48e1275b19952156e0ef7ef83e343fb1e2d,54210169263348900000
0x02de0a6808cc62927d14b325ca407b83de9d5ce1,2672876900315070000000
0x4465c8b761ebe8a5d509ec15140a749969b06a6b,14519568301189000000
0x868255d70a046207bfe85b4650b932c69a10eda3,2672429196928970000000
0xda90a6e5b488a617c49a412a198b8187b7e9c999,5641683596099160000000
0x14da174fab1356466af2dd0ecdf94204e828a732,10000000000000000000000
0xc5c674ae89339e9dc211267ea2fac2c3676744d0,61968450556613400000000
0x1a2b292661f0102c5961afc42b278fe8c9169234,2618265701488000000000
0x4815ee939fe2efec2f7bc415f0ce2282f6417fe9,2669863319924590000000
0x515ae4802ecabc68f3dfa9faff751a3fc5758813,1468247737254410000000
0x103a1f94bc38313af8724777da71201e40adef5a,7811902455000000000000
0xbdb9803c14ca144d6cdac3cb0939ac6b2b5a854e,1937505694307950000000
0x8214e4ab4fd9212b7e14d97cc0bba6b9f4c37feb,7710745000000000000000
0xe2c44dc333b59a3cc88919bfaadfb59c96b7cdef,2661691100705370000000
0x061d84c204978d385db892bb5f1b0d9cf5341848,2500000000000000000000
0xb9f831f19f94f09709cf75c757e5bd7a9a812819,2500000000000000000000
0xf4f58044b4afbaa53bffd87f2dce77a5f0b32a64,2627979761273440000000
0x7e028136aaf176b8e338581c0e62857d8b7f5ef4,5423947641282140000000
0x98f825117b9eee8f9a0b48f6d64325931ef098c8,12576816007966500000
0xc02e8a8f2c59da42d8f0cdad9f1afd2cda37bd8e,2657068425536710000000
0x2ec698480f860dcd4d6e78f5fc13f94739cb032f,46375161677371900000
0xbfe24b4d8b1e421ca8794f6416946db505d6dbd7,5308632134273180000000
0xe486627c7542623f947acdccc84c35a59f13ef9d,2930771718245420000000
0xacb17fc73cf202ebe532e107cec195d50dee61dd,15980931783957900000000
0x41fe862ffc1c003e93a2b2846a2acabb4073a701,2649986585028820000000
0xca3dfad2f5b498c1777b3b37336678cd29e0918b,2710446308221380000000
0x82767b4b962a2c8d0f60df6e4797d77afb108904,5829334602825510000000
0x0bda0f33311e65379461d0a555bbd7669c0eaa22,23461960440257700000000
0xe117ce954b77eca1b128b94ca5d4a72fd4718a8d,7000000000000000000000
0x2c766fd4ee2060437a3542cfcef83971f6aaed2e,7761407679077230000000
0x05381cae37ae44f66416ba5fe7f8cb407f1e4608,384308850174101000000
0x15df8d5c22192b54f10309f89e6be1891d8f64d7,8810139658825930000
0xce3e142bc70f5a0f674a2ef5649b3248842cf1a5,116014792891675000000000
0x3e08b0d17a3eda94b21e844c35d4ec932084a38b,1475871508444620000000
0x3c1195a1c3b48ccbb289e4021b3fbe6ce2804f2c,540265483259925000000
0x11a42db923de9bde2b71186f832b1f890f999888,4259438372126920000000
0x04c316af988d9c9a938ef412dddefcb43acdc2f6,1211699429138240000000
0x2e6a27556bf03125b4db4704fcc86247d432365b,527722841238088000000
0xa198d81f1fa3185e16b5e245ca2babd18031886d,2500000000000000000000
0xf93ea91d48e3fcb4a9d710c6493b4f6bccbe4943,2500000000000000000000
0x1073a2e63fcbe9acb80b2fc3143a2717be188430,220528415000000000000
0x5a437400ef10265aaedad47cd3520c885d11514e,851609075486837000000
0x73b9d541130cca13801cb2539bb02dacedbc1332,6055245816590620000000
0xbd11f25ed4407b289bdd27d0668435a3493a4e02,143572220000000000000
0x491d927fa6c49460446346cc93e7b5e75b0b8c7b,81243505000000000000
0xd992f394cdc5945ddff23b7f84e231d1c15f017b,80191091519833500000000
0xabd1ead4c68c4adc0fb530d7d969a8eca2cde308,4781058215408210000000
0x1ee840962f7e8414092a25a216ec94d06e4600d5,263133190941884000000
0xa7e5a837382c4b2a484bd2afadc8b5a5f6d74e87,4626334157958170000000
0x7fbeec8580a2066509e81067333fc76e6dcd5fd0,12013407758867200000000
0x116a75fbfc55c26bb98e18ff7d1a13f1ad672847,6110874699945720000000
0xde815c4f718c0be92ab10768c57dbf908c48297e,239646114312704000000
0x1373867db85bf48af9f3133ab65097a1f561c069,120833864267841000000000
0xb564ad33edb3bd1b789c117e9c22624c0eff1271,366994723205543000000
0xa9eaef87c01b4c46a691862c7ba94401394b8b9c,774600627321506000000
0x1b3a5c32a73a1e0861e46e2ad349c9ebceb80b25,567389417921307000000
0xab4d5021b24b3d295269131b2b15e48ed0c8fbdd,48398167434807500000
0xb9f1eca1d567fb0f94990bb831f473530ede36d4,2615275751087290000000
0x39c57c80c80ccc8c891ad5a5732a42b8445aeefa,1127072332725440000000
0x2db6d8c600b3c55c770b0b821a975e22f88d0349,6259521244042410000000
0x057f5122a1ad2b9280abf92528958abca0a7d849,292120181853750000000
0x386cfc10f9e63411bf8fc4f30df65938659038c5,2140068632641210000000
0xabbf75a59ac8838fa46bd5260501b68ab28b95f6,86513500405331600000000
0xc7d47af934f75209377942dda47a1ffd83ff3a36,1230321187333690000000
0x96f4bf4f2dc729c5ca4b9e2d5bdf985f93f46540,1635490521799160000000
0x72e5716bf9c70401d9125302df0aaa02b0ea6ae8,2872708480947290000000
0x5bef45489a03462d199612c5cd992f114f398ea8,126778812002685000000
0x7e274b869a4bc911afae8fe58f62a2af950a905b,2524242004864000000000
0x885818188ff2fa182bac9a8f0f427dd6da804c81,2520144624702420000000
0xa770c94a39d17075ca9ba359b9ee191127649cde,4293328481587240000000
0xee01c4672a7a8b6ce04371e5c0771c381e56c898,727657614422030000000
0xe66b290105f73dd5f38b25c7d4c86d2c5e5a37be,10018364040189600000000
0xe91d89e1a54d2aa2453721d060bbceb389737957,2500000000000000000000
0x8d292bd248f8f756ff5aaabacda9d465bceae6c3,1067110498320050000
0xcdce7c134b6a1ca46cea65fc0ef32489bef6bed6,1148809152083800000
0xcbf02a5aeea5c97c41760d1c3ccab268a61beae6,880758745617726000
0x9043f87aab75c57bad7d387b957d9f03578a745f,835847098565483000
0x6d6c5a0c23a78f024d741d3cc990340e4068aece,864193353567766000
0xd880d4e6df0d855bec4f181af8e7519fc9439650,1015444374207710000
0x26d1409f5be7bf9beb6901d78f3a70d155e70dc2,861087569456709000
0x4bc8944ebc3b034a729af80bc4c4a264ccd4f831,2346250839758080000000
0xb6cdaf372240f3611fa6be84eebc381694a94911,1000000000000000000000
0xd433c1b56055b7adf8e5e2982e7e2c00c378706a,75000000000000000000000
0x6cc77695e67bbbb4e07515189a1323965cad6a1c,7500000000000000000000
0x3fd7308b41a38d3886440d60ddbed72d72a17d74,8993634216970810000000
0xdec2216fcbf07810d29f25c439ba6214436c4f36,2500000000000000000000
0x0fd90eb42ad3726b8e5dd0604d175f2aa9f10aa5,1208903070000000000000
0x47c465e7beac169081371969c0fcf62d10c84ef7,2500000000000000000000
0x6d62f1d6b0d829f5bcf177ef5c36ee4b53629cc0,749975659940000000000
0x5fa3a3872dd95f4ca792059f9dede4a0c519f2f6,10500000000000000000000
0xe643cfa81c1e64b441d5a430d96f2a3725b659a9,42036000000000000000
0xe72aaab67004de46367ab728733ddaa47b88239c,258680790581401000000000
0x8f8d2d2565bfb10608a7ce64b48e2aea7875a344,773031425119237000000000
0x2d6873e97f17f5fd67d12391338cce043d6ef804,4590768815665000000
0x7fd8fa770320eabf4fa20c9d42a2469b839f1e4b,251632918647891000000000
0x0428fdc1f59747b811eb3834344e065c216241c8,240194945637493000000000
0x029351471c4d5e4f731d49cf5b00ef6c7b13086b,51255099175956200000000
0xe0cc936be825aa50886b2c8c1c703305a3bb3b5a,1291947470743250000000
0x9280db799a830ef077a0484007ab31c844680818,8761620248485180000000
0xbefa16756449f2df8c77e3486a4964fe9b675ff8,1756167375604720000000
0x0fbee505179ea7dc993ee18a8d6778492bca5f11,8204184546306860000000
0xb74476cbfd6bbcf00937f3388c0e81ee67f7d631,8877015251496570000000
0x2b597e53bef7a9275429a3d5443fcaf0ab12c26a,128473485624863000000000
0x9de4e70b8a69974a6c914b5b75b9947f40961565,8422031733426430000000
0xa31a56c51ab631cdcffb0d0fc4239653eb400b48,379131950000000000000000
0x5030d79d3bb21a5ab191b7cd80eb3050570eeaf1,299974688792453000000000
0x1ccc7a7e4db64e7dc074561a0c1c50dadf41b2ff,169500000000000000000000
0x893e943aa692237db08f7ba5b84cd7a4afb17bb4,157753478401831000000000
0x9ca22bccc77541890e4dfd3e840d764c1e8b71f3,159968108551622000000000
0x24826bdc28ed6e7c693e98d8f633e2af88501a5f,5063819628907840000000
0xbeda49bdbdb8abdd6993b8059a8192147fbb55aa,28933665180226000000000
0x7e1f0c29e858be507b20998909c2be6608689a29,18536319318351800000000
0x6c689ed0dfe25ab2221d5f9232588538a5d91da8,89460381830448600000000
0x6e89b11b43c4931178e22ef466007cd24696dd60,4023082500000000000000
0x16ce1b15ed1278921d7cae34bf60a81227cfc295,643592989541507000000000
0xa5d418bbfd424c9a265ff8fad1e4db731ad533cb,347879941799222000000000
0xe142438986082650c0747124cae530e8c944e310,13319423000000000000000
0x589515c63e67648a5f37be876223ebadc638f7b7,58592704266668800000000
0xcba83b1198e04679d20c776af5ef573170bebde6,126322700000000000000000
0xb3e4e684c5e8335d495ffa9d72f16c5e0574a1dd,497500000000000000000
0x91cf204d6f6a2b012c3df157da0734cd82230cb2,1249968750000000000000
0x9006eef759c79745509e8d99ebd84efd75975f3f,744614603015000000000
0xd1ea1b88fa1c5d289dc01cf9a58d22fb2240aa45,2489128039155000000000
0xb2a86e3051bb321910cf4ee10251c22562d58b5d,14871220643895000000000
0xb5a3e180cb7436efe43ea2e248be8acc489d0ed5,2490083402965000000000
0x1a78caa9b855a4551c35f557aaf722834fe1a74f,1500000000000000000000
0x51ce169e574117abdbdce3fbc5c3d786f4943e73,750000000000000000000
0xd2f1a5bbfcc1b4490ff5c3548bfbaff1f74af6a6,8779333967750000000000
0xf5ab4fd967a8d2513d5f5749905045d433af6a90,2249979862120000000000
0xa1e223a5ed88e272e7b652ae898701cea20993d7,3250000000000000000000
0xc75804ab604875305d91dde52bec2d471c11b48a,750000000000000000000
0x52b481e0e149a882dd26167e0510bded8c595330,1243750000000000000000
0x35856dbe75cfedc4a14aa88efe1f90d87706e760,1243750000000000000000
0xdc5b17f7e80ba5f2c06e9d04bd202d394165e093,746250000000000000000
0x3baaaffbb4ede1ffa7b512bcea490ceda2db0ee6,2499997897725000000000
0xab5b57832498a2b541aaa2c448e2e79d872564e0,2499956381305000000000
0x4e9c104d24ca8aa27c3e1a5d9d3249e96c5bbd80,2500000000000000000000
0x27eaf5158daaf5ae6c3e1494fc53fb37a158f131,2500000000000000000000
0xe9e3b7570b65d4e4b9946d0cea4653af0d0708bc,2493570653070000000000
0x05f55abea2a736f8996c36a5697f117fc39e2090,746020351920000000000
0x5761774922b95084454c8720d647250bad207ea2,1250000000000000000000
0x73b249b198ab6df73182075d0a1f5785ffc49a38,500000000000000000000
0x795a76d8180d05b7465351a83ee5ac3bcea7f836,497500000000000000000
0xadf094b2b6d2c6f4d8e60f714be005a378b26d36,2488939512345000000000
0x85a6a51e4c4a77af04b7d0320c3a489532436508,1249688780515000000000
0xc00a397e5328527734d5f44638c401658f939819,2997500000000000000000
0x51c2a5fbb0f4362466b0b2c1fc0a7ee2686d9176,750000000000000000000
0x94a49666bd0453c925c8612a0822e48db86c8235,737069823955000000000
0x4bd23b8a50673f43f276f8c26ad420be97c112a4,12437500000000000000000
0xa0175d3352039fb65293d2a8486398b06b112e65,12437500000000000000000
0x1306ca467437ed2f7639ad1a2d0d88565e24d333,4979385871950000000000
0xc8f64d227c715ae078d642c0e3a15d44fe7a48b1,10499700000000000000000
0x4fa6b043dc07ac6081f0ffd1d62e937f5e4d63cf,500000000000000000000
0x9fd2867d2f8e186cac42993da839697d646e9169,2996815374579000000000
0x059d9955c133cf705b4c6ab9b20f01cacfbef237,995539449280000000000
0x2c01d9459248ac3d96e69c208d8daaf196b6b0dc,749664808045000000000
0x0861660adc5795fd7b8349f77d4f5dc128d30355,497557169944000000000
0x15a3f14bbd9a1d2f6472f0c6081c730f8afab3a7,49999993750000000000000
0xc968dbcd45d99252ea350967ef07120faa12a3e0,749981250000000000000
0xa8cbda3618336931ec0b6d7241fbb05211abc4a7,7500000000000000000000
0x6fec474030a273a673dff02f83bb1ceb9de7b82c,4999999364780000000000
0xa171df891a420e5a441086bd3f179b38d36cad6d,497500000000000000000
0x1ec158333f61a3015803d05494bbe28c15850a4f,2487500000000000000000
0xa21bb86c5ea3e3ed98baa50be086ee0fb931843f,2479548772380000000000
0x8dc4510d1bba68cfdae43f9a506b6a44e59678cd,4985462151715000000000
0x7da220633dfaa2dd4ef3e3b222e836a2e23a496b,10746381975385000000000
0x0000000901c92bb92c98df004be56d37d1604c93,10710259860000000000000
0x166056ae7450135b9aad3b45cc6b6625f78be1a8,497537258766000000000
0x0f8f7afa8314da4deb6be2086601fcb084a30791,746250000000000000000
0xbd48dd506e9179a757ae229d04745476ce6c2aad,99997837814000000000000
0x679bcdae56edf5c847e769ca9eb82ab58c93351a,25000000000000000000000
0x77fbaf85f2251af24f49aa73788ce0d60cb11153,750000000000000000000
0x77d1c6f7efb481e3275a1fd21fbae9a6f76454ee,497500000000000000000
0x7d7753887915339438207763880674c1c7fbb482,4418328430750000000000
0xaf1a02d5d185fd99a6258f79137fe1a1ec34cd00,1031820235000000000000
0x474870f9cd749c140791c013f62b3d82324c8841,746882371800000000000
0x62bd4cdb6a9cfe6b3ca3ad57ea7db61b9ea2ec42,7500000000000000000000
0x8a99caaf05bb3fdcdd092dc6770dafec0047444d,497500000000000000000
0xa93d3b5d86770f8ab2130e30556a880be801a994,497500000000000000000
0xd0e5d73785a1b179628f873306ae5911dd29aed3,99452140452000000000
0x1681cce61b0338232b80aea861413a3d26880da6,2462866919000000000000
0x9965b1475a7bf33ef562774b514a8b2421333c20,744943550865000000000
0xb8dc5739b7024ed22e00447706ec5f3dffc5aa0f,750000000000000000000
0x60da45f8530042d06580f45a092d014b52acdbba,497500000000000000000
0x9fbbcd89cd2008f3a791f7c00d4634c99f902387,1242379270615000000000
0xfdb68afdebc651d26bae98cfa4921c08eb18905a,497500000000000000000
0x34202709cd47a3c96669d868599946221dec70d1,497500000000000000000
0x131f26e6da9fb411846bdf00ccde59bf7783687a,12500000000000000000000
0x8edaf13697bcc248a428df216b42610f9af5df54,1187500000000000000000
0x6e8427760114144c4dc2bd8f87a8ce9ca7988061,746563268565000000000
0xfa122d9ee820873027411ffbda06853439b8fef9,3250000000000000000000
0x2da6014cf9d8056645e2e9b1ab47b799ede840ae,1250000000000000000000
0xdb89f642e287175b6139372899178624719871ea,746694162885000000000
0xca24ee62344900f7bfc39cebeecedfa1920debbe,1249968750000000000000
0x4ba42b8811d5d50930a8be400dcbf6db3264799b,476502000000000000000
0xae9a5f08dcdd84aa4579e0870a07b62aff19e4e8,497500000000000000000
0x1088cb5d856ec78a77db5a8ff89ea32ad217478c,749787500000000000000
0xd27d6874b1feb36c61735ee56d94fc90b686d41c,485400000000000000000
0x05eb7f0ebcfc8bee7d5283521a08ebef149569ed,2475200000000000000000
0x1ad3e1493a5486f8cb675549ca4d6d124986613b,1249725000000000000000
0x8fe9a14b7f01f8e472959d850c40a2598a86bbea,24936571352700000000000
0xbffec65e5099826a4fd5694a4b6415e9ba40ccf6,497500000000000000000
0x340209c8975508a8b6750c01ae290db038a275c5,3229076570000000000000
0x80b744588fd2fea8ef14386bd953493a097eadb0,9070318182120000000000
0x0a9156c1b88494ac6f40045a62efc232ee747db5,746250000000000000000
0x7d4c4d5380ca2f9c7a091bb622b80613da7eae8c,4981839460525000000000
0x0496e3d488ccf9aec556ba08da1286d8eba2d6cd,7309495700200000000000
0x918def53676ad8d5955c637c43983d1d7db46dea,498721917694500000000
0xb02648091da9e0aacdd9f5cb9080c4893cad6c4e,248733754133500000000
0x7e4ddc00ac1642d422e4224539fd8a0a5dacd1fa,749090550000000000000
0x5b113ceed63a4d92820fd7ecf6fce119cec75aad,2500000000000000000000
0x00da72ba500d6e7c5dbf6ef79ff90b741d6d053c,24872658309300000000000
0x5305095cf75cdd312c202e27f6aaf3ca7da79a5e,3731250000000000000000
0xdabbae361ee98e3643f6eece82d0b50df4d6eaf2,669590000000000000000
0x09c0cb705477d94f0c25d9e535d58d75ee8895a8,4991591620115000000000
0xf4d63bae0ac9c6fc57ecfb25a1e0077dba6aa091,1000000000000000000000
0x01a63ddcaa343128a7318127f7238277734e2c39,498730967495000000000
0xfdc3492ab736b575d446d288e087aa69be6c5b8b,5000000000000000000000
0x4a669f017c74b1f6890846fccca2f380356be107,747417067915000000000
0x95ed1d0fbde355debd390967e28b30dcf8396eec,746250000000000000000
0xf90dc93eeea448a4e69166fb397a0252370668e4,497431325634000000000
0x11da5c656e60ac65c4c0d590a9e483906eada3a1,2476374144330000000000
0xbb5d838ddcc55b287e290622d229a360bc3130ee,2499937616420000000000
0x81c5e53ac8e5af8966b332742fcd2e06d101bb70,750000000000000000000
0x4b5314a421e4384f876272dd42dad2307590716e,2496972548855000000000
0xa6b49397ce21bb62200e914f41bf371e5940bb41,750000000000000000000
0x4d04f4df74438b21b3e7298a13aa9c316b47c632,745750000000000000000
0x36f22f65a3476f42f6ae813da097dd471fcadeb1,25000000000000000000000
0x6781728db576273870ffbb9ad7d1c3f5aa358c50,12500000000000000000000
0xef13a2be34dba77c3008735f328d5a7af3f914c0,2487407797435000000000
0x5faa7d29b6f009b5a2ced1a51bd93cb26be2d43c,750000000000000000000
0x63291f6aec0d7bb60a017336c352727a42367ae0,3000000000000000000000
0x12e307075f20baf6b67f73c9017251818f7e5d81,12499985158000000000000
0xf00aea879fec57c08f2739e5ba89b455942c7d4e,25000000000000000000000
0x29c25cee4e390ba6ea51161aabe814c9a2b0a8f4,1497500000000000000000
0xd23199f1222c418ffc74c385171330b21b16e452,497500000000000000000
0xc1400ec206f6d341c4de46e609cd908d50a7f167,12442226881000000000000
0xfbf704ab4c8255a68d127a34d4e956594f7f0c2f,1250000000000000000000
0xca7c767854b1e7305de07247ab85e30543d1d9c9,79998125000000000000000
0x42664bf05c3c126b00d26ea3093a5c3b3d898a15,497423285573000000000
0xe4423bd6a31ede56e508275d7a0536d52a269680,746696787850000000000
0xcdddca32494e80c137c52e9c553bf635e6fd7a5d,499869716887000000000
0xdf8beaabfed67fb3fbd3d9fff14e2e176ae10e17,748630057740000000000
0x3480e74b579732bf8210a59f079a0d73c36b3de3,5000000000000000000000
0xeb1fb67ee34129236211d95bde8a9383e0973cf1,497788724482000000000
0x36cbd78b71a161dfed7c30db2b5989d81fa31f52,1250000000000000000000
0x194cc90931e6ea6461c2e72de0970bceea7a430e,500000000000000000000
0x7d03216b776639c7dbfa2089f4d8bd00b4e79d54,5746275270910000000000
0xadebe12fd6e08b5e7235ec07912f838db7aa3265,498017750036000000000
0xe2d7c679aedc71dcfd65eb381107f8beb0f65666,13750000000000000000000
0xeb7247c001e8c2daa2e2b9eadefee5f4f0aac854,12499999998250000000000
0xcc9d128d91f6b29c6f0faac761d2868a5d82c106,746250000000000000000
0xfdd7c88db10a4e099337a09b1651a7fe5124d88f,747266722355000000000
0x1164fe7a76d22eaa66f6a0adce3e3a30d9957a5f,1243281757110000000000
0xa8d211e91bcafeb2c3a433e1946218c73470d6a6,497292843705500000000
0x56c74db3860e19b78b8caf1c515b4d526f5bfe48,4975000000000000000000
0xa3c6312795199efe026912cdff4b4e391a7f17fb,747412074640000000000
0x4406079cc29ecb9295e50dd5b2114ea3dca154aa,497440733985500000000
0xa28ac1264ea4dc2fcae85c379a25e24b44a1aae0,4845096508795000000000
0x872bcc6c36b512c5fed0bf947ba574b1cdc0edd8,500000000000000000000
0xb6b0927147ddf27c0aa79407a2594c8d9ec2038c,1244368787575000000000
0x208b1c1c1711b8d22f6e8faebffb0769c5426a88,748470738815000000000
0x4d640d6d2cae44c3192a70dc1179aa890484cc7e,750000000000000000000
0x978220580c3f31dac692f82a467f7a93063a7e6c,500000000000000000000
0x2baa98f2bd4f5cfcae3f3a2e2ecfa3b1ae9d04f6,499780271031000000000
0x5abd904127c91db2fb61a4c0087da24ca08b0280,1245046136900000000000
0x5a8207adf52729c8bbbd42bb0e40155adebdd101,746250000000000000000
0x0c16f16eaa88f956516cbbb2c9a0cb44d2c8c6eb,499952541030000000000
0x62501959d7d549b5625e569342cb93299f572b69,1242839650940000000000
0xba04f91807dcb266d0976f70c6685b63a2e862d7,746250000000000000000
0x11741d1cb1657db35edc8805eae8c4911cee2f71,1239510749195000000000
0x5b3d1509b3cbf2b4d601d3bbb4d722740dc90240,14933414924950000000000
0xaa75aff2452826bfe3cdfcdc2b579935d168b71e,3085685635000000000000
0xc7ee3b9778e6192ec7a1ef984c786e59d2990eab,747854128470000000000
0x203750d4b97979e1ed4ad083db831a5ad232c169,2499444300260000000000
0x1319308320444d845a1a8d07825d24420b1f95d1,1249511038935000000000
0xd575a54a345a43eff67f90cd5a54cfb4c79fa4f4,5000000000000000000000
0x00c0c6558dc28e749c3402766cd603cec6400f91,17299666315000000000
0x7796a7f85f5c9e27b7ae6dc17711d49906d42a1b,497474675958500000000
0xf8f8ed7ca52c884f81a89ea73bc80b1d47631a8b,497500000000000000000
0x1f1163c6c0a85e91fe60f8dd5d1a7007ddbf95c9,746250000000000000000
0xf54358e958ece02828f2ed1042c5d77e2611d423,3000000000000000000000
0x49e59de5dbf06ed83116afaa0570bfe13a8d5ba7,25000000000000000000000
0xb75500721d659c44f07df306d168f9de01968dc3,497500000000000000000
0x2d32dab2a1dde0878890d2c1fe87f566c88349b0,2499921029340000000000
0x955ebb45951c3baf2d39c253cd9a828c21767a2e,750000000000000000000
0xfb69e4b694a62812b1c6543bd9723cb4cc001d91,1527098360000000000000
0x209f9c887d04a06f61710e4a2b1f4dc3ab1546f3,750000000000000000000
0x6704fb5522696e5595f6cb9fa47f6246fb5766fe,1000000000000000000000
0x316cf81e37bd57210618592b88fe9e5ec2bbc847,4999935966460000000000
0xe8e61db7918bd88e5ff764ad5393e87d7aaef9ad,744375439595000000000
0xa792fefe0e59fa17cb181bbcbcd6f159af3dd18b,496069700743500000000
0x1e783916f6d340c152c37cd13b34e07f509fc6ed,746250000000000000000
0x63c964dc8fa9ded3510af5fbe5fe18bac844e69d,13246250000000000000000
0x3d18fc023a030d97d67bfe5957d115083c8c4a49,1792693064722500000000
0x1f916bbf39ab189a9e3d9e1823a7b1a8e9e5f204,497467317148500000000
0x96d94f4549a03411dcd60bbedca7a170eac644d8,615110798240000000000
0x082d6cc8b00ecb3ae22e84e8540b279ace648275,745835030360000000000
0x8b2362e5e1a04b14add7c4236d4e4237aba313cb,1249958682505000000000
0x15943dead00d4cc9804698b327f682ab6706f206,499784890526000000000
0x808a023b72260170c95d831f589a1ae0dca1e43e,1243750000000000000000
0x156fbdba3a032751c6f7a23fcf68ee3b7ff3ee71,497500000000000000000
0x71ec583a7442b97cfd30b398976b019f10683dbd,1243750000000000000000
0xbf35b80b9e771e8082cb9740dd49fc5f26800d63,19999812500000000000000
0x1005b7bef137969fe21ab236b14e6a9f10c03b0a,498169484368000000000
0xe41748b199378b03978bcca18bd0401578201cd8,1249983752590000000000
0xddc60d163015cf5ca1369d557a2ca1cc2de1f1e3,2467702397535000000000
0x7c888b5da98453668579a8a2e7b323f91e445f4c,498736357229500000000
0x9050c755691e9089e08adee29462bab6b338def0,3247465676870000000000
0x3f5d5c850ce1fe1da479b4de9de336cf3c68d2ee,750000000000000000000
0x56eb867d39391b9a83f1f42b140e375525fe85e0,103969606476000000000
0x0206bc8fc7c1e8635d14f73c0fdb035493f2fd84,1250000000000000000000
0xf8b87bdfb5097c34761a4065f1644bd39b3014b2,750000000000000000000
0x02c0a7e57fd97b9cd65396585cbeb494555e0e68,498949917377500000000
0xf50f458ac4961185fae7c9b5599a119eacad009b,998634724180000000000
0x4534b2b160217849776b1885e082b0e39ec7df08,3249762160000000000000
0xa7255773acc951850348e4885e8e6433d8101980,748175748140000000000
0x41af90cd357748928c5e85e6a9bab4d4872dff54,8500000000000000000000
0x4f3e8913185594d5e9735c5aa9cae9dea9312b24,1244882414430000000000
0x9c7b84be5d69bb41a718a4af921e44730a277f90,497500000000000000000
0xd6fd705ee0b31a9300d3e2154bcce777270cbb6f,4988900964660000000000
0x433acb9148a3418cedf924a4529f84b815c60a79,500000000000000000000
0xba5960c2cedbc59ccb2b2b14d5b51be3348cf1b8,1245413810520000000000
0x27e42ca80671d02033afc822e3e8e833bdb7b39a,749979755985000000000
0x0a4660a140f4bd6e265a1113a454c83e2838c726,1250000000000000000000
0x97e931494a837ecde1d2f152fcef1c2f5e093356,7466933500650000000000
0x7650376ad17592801bb2cc73bc08f4e777dea7f5,499499133250000000000
0xa21fed132341f41c7f96cd9a5cdb3965bc0b74b0,2487500000000000000000
0x3a45d4e216fa81bb8bec07d3931ef2522d040681,1245000000000000000000
0xbe719b05b4dbf02ed9555ef92d36d746312403ae,24999375000000000000000
0x5b46af5886e51029f3a2f941c5eac2d8b51babbe,2487500000000000000000
0xdb59f54f833ee542ab4f99cb3cdd66cd1aa7b318,24999938370000000000000
0xfb09d6570a9c1de1b22367e46932685e14077dca,750000000000000000000
0xbbabc2b3bef7af5913987c4ebbd9e0c2876eb717,6505556636865000000000
0xf3e4d421e826a03848254095455ce818ace25af6,497500000000000000000
0xc94a7f853e568c9c394c7475106fdf549c3afcb4,25000000000000000000000
0x157501cba19d12a5a2bb4339e77295f8dd8c6e5d,746250000000000000000
0xc441e3a4bc890c35beb20380d95e5b7eb8f24e98,500000000000000000000
0x2abe8ff5a5cecb4f839adc851ed1a1578b2f276b,4000000000
0x0eb9a7ff5cbf719251989caf1599c1270eafb531,1247389906600000000000
0x8db7147b554b739058e74c01042d2aea44505e2f,2487500000000000000000
0xa65ba816f1f01ef234b8480b81a2ed5b3544c61a,500000000000000000000
0xa3f2bb48e3365a558c8c3f45760504d6ff3b4b63,497117612798000000000
0x76937f60b76db3b5330b2d257138f994dc160dc0,3250000000000000000000
0xe3857b65b4940af091c988b238c95eb5c08cecb6,498411882784500000000
0xcf62886216ae712ec222db0742c4ccf0a5007a4d,5000000000000000000000
0x291e4181f506aaef0b29b59d7765b23024fde911,1000000000000000000000
0x1d6a0381920f67428918c03dcdba9f1752b43ec9,4948524425185000000000
0x09bb1b41bd79efd19050dd62aaefcbd4a96d895b,1244491415245000000000
0x26aaf2d294d68f6b958e1baf45278c087ddae4c4,499374800000000000000
0x5d77400ec10abe1093e459c977fa81dd92ad2442,500000000000000000000
0x959ebe8861481e0bc21b37444bef96167bad5834,497969749545500000000
0x12f45feb851bd3d56dfb893d1adeb32e3bacc34e,747489758755000000000
0x52604af3b9ea7e4acd63cd25f2f9c769d1c4865d,746250000000000000000
0xfd1779090710934f2c381ecca22b68075aaf3dfb,2499930022015000000000
0x4f50e5e8662b4be49590b3003ffb448ee48ea1e8,747006189435000000000
0x849dcfd1ff228befb8048c4b094f016562c65efb,49998750000000000000000
0x2124ed5982e1d3384c4800ff57b9f883b2e2f47c,702476000000000000000
0xa91b82084b37b01a7b5fd60160eef7b04302517f,750000000000000000000
0xf28dce94a86f64606bb80b38182c2962157bb2ca,5046250000000000000000
0xf23a8dab5dab50bc8276a15e73bd89bb2327315d,13737707020955000000000
0x366b7705216f20e30fed9d47d65c5e4f6d53e288,125000000000000000000000
0x53811bea240edccdd922db6733e5f13bcde1a6ed,2487500000000000000000
0x06ec034b1556e72ccc77c0b411553b61c1359b75,497500000000000000000
0x8ea1726128fe7a3de7f68b152d35276ce14207ad,5497325000000000000000
0xe4c3b0dff7287259a7bf576d0a3bc46c432c5541,498049684822000000000
0xa3bc1b0c0205847b5fad18758571bddad56e5797,500000000000000000000
0x73dd0f5b465b57570156f25907fac0f38b05ad0b,497500000000000000000
0xdcc7a0be39ac6605febc41fb5540281a3cf23482,497500000000000000000
0xa710c069237dda9ffb25b5f7faae221274368c42,16249971893580000000000
0x864f23945a1ed0021112a4bf1c8c9cd25e40d9f4,12499687500000000000000
0x5df52e6b70f25919ad29add390efe2614f91b2c6,746250000000000000000
0xd79c597a5d5e4b093c4de8dca8b9c7927d0d4b68,749999825000000000000
0x85c447d3fc7d42b1167c7fa6ee50fdd961512b4e,17992753811650000000000
0xe728bd0d3664df35036b0584fe6d9d952bb27606,1250000000000000000000
0x00001ef108843ab7c937974c54c42360da8f9000,2500000000000000000000
0x0097ed2c77222d41f3fa2890edcb8a87865476ce,37780146054500000000
0x00ab97c782c661fb3d08c96dce06176938101211,1500000000000000000000
0x00cd780b182b96e3025db0214ae2c5f207e4d769,100000000000000000000
0x014208c7c3c4fc25ca755567ee8864742329efb5,10000000000000000000000
0x016b24e537c7955c6fde8e3dc0b00ffa40ed19c8,10000000000000000000000
0x01ccd75b739ea68983c53dbb2f30f47f7370a352,15500000000000000000000
0x038031636404b212e1aa161709065cd853252f8b,2500000000000000000000
0x03ef25681a3e8380631cc84e13ca39fcb0fe771d,2500000000000000000000
0x0507b3ffe3836ad0f256f3d53b8fa7653e54e2eb,12500000000000000000000
0x057543dbfa19953ea561550c9600ab9e77a05ced,2500000000000000000000
0x071e3b54a4354f7246f048b63e5200dfe239a329,100000000000000000000
0x078b7b9520514eec7e767574e5f0bf33c84d910a,4971939385000000000000
0x079d9567e67d6c83353ec287c0c5a12bb1b3d628,82248611697500000000
0x07a27705ed393003dc066160d2706394a5b96d61,5310000000000000000000
0x08433fc61bd53c71f51613fbe656f7228ae6d885,2500000000000000000000
0x084d57de5ce3d1812adfa54817e57d21dd479381,2500000000000000000000
0x098d3b9d61de50bd85059969d1b302047d0ac73a,150000000000000000000
0x09aaa0dc34cc9d81b21bba98d856304be6bf05ef,2500000000000000000000
0x0a1d45542a6aac01ccef66d2365b8fdd3532e4cb,2500000000000000000000
0x0a9d89f628ddcb16269c537edd57e103ac4b8ba5,2500000000000000000000
0x0ab769afb16d14ed78ddbd53da6ed3e067c25d6f,2500000000000000000000
0x0b36518f2da8c357f235be18b0b28392b45cd1ce,2500000000000000000000
0x0b878b6e1b43e4f5ad543a1bfdc8890455aa9a0b,5000000000000000000000
0x0d0c4d8bc5029e8420e1fab78d1373ea175f4bae,10000000000000000000000
0x0d6818d5565cd93de30702282a8ad9f27a8db862,2500000000000000000000
0x0d86e97bada05d91b6c6201a4efcdf978d1807da,2942535867348500000000
0x0df079f9a3bfe44106db880e7bc462cbe5673f0e,2500000000000000000000
0x0e30ef35e75fca07cd3063f26d29799c521bbc1c,2500000000000000000000
0x0e3199c0647055484cd16ad5299dcc24249a57b4,2500000000000000000000
0x0e91fe225dc45567e224e5cf413f618a1074b2b6,12500000000000000000000
0x0eed845ed1f1cac7a4ad6b961dc1874ffc5d5103,2500000000000000000000
0x0f0924a3a5111e7987a23a49af826d2ba431342e,5000000000000000000000
0x0f480869123823ac6c4dc103c49b155dd7c4d976,500000010000000000000
0x0f8361ef329b43fa48ac66a7cd8f619c517274f1,2500000000000000000000
0x0fab98ead995990a9f2a62027eba468cdee87b42,2500000000000000000000
0x0fcf993690a7c27dcbd1bdc7873deba7b54b2ac1,10000000000000000000000
0x10277bab3f27c6bdcba787eaa5d965f4b0631a51,10000000000000000000000
0x10437b1650f6b1133d3eba32fdc40ddf42e9d5ba,2500000000000000000000
0x104f3dc171f5ce1d1501a49e664ba1fc30252dc5,632141205000000000000
0x1079778b3f805b8030f5b9fedc52e92d65f70ce2,2500000000000000000000
0x109cbdcf9e4f6cb9ea56c810bc26f06f8b1f399f,2500000000000000000000
0x11b7916f50a50ec9820e0bf97af0034aed1f021d,2500000000000000000000
0x11fc39e329bbd289cc7225ade7872c923519ee15,2500000000000000000000
0x1241ef66fd50919f909f33b5333976c99635c13f,195000000000000000000
0x12580008bd52862ae3080bffddfeb847ca8ec284,100000000000000000000
0x129ed0be1ded0b8297f185d2d90519337c9a5088,730100000000000000000
0x12a2e457862437746ae0ce2f1d158a5e399e1c03,24000000000000000000
0x12aef3c25baec7eda6569f63ec7662c4ce7d7a41,2500000000000000000000
0x12dc69f7d827b19906605b2fc6c72dd4ff4aa941,2500000000000000000000
0x1338fef4210fc6095226fb6388077c66f153087c,2500000000000000000000
0x136448853c82a08cc4ad38fe0637cbf2085f9a3e,2500000000000000000000
0x1390337555d5b16c584f62ec82d9cc42e53d85e6,300000000000000000000
0x13bb8774acfcfa92b03c3b9f88c5e86cced3db71,1280000000000000000000
0x148960216a0c880304658b9132308f1ee1a43e69,2500000000000000000000
0x14bfc91c2e2a9db6263384cae8d36f68b2141e6e,303506022728000000000
0x15e198793336cd403fa74eccc690fc9e64dbdb78,10000000000000000000000
0x19b46688f2b67568b7b5eb3ab515a821e447fa21,1250000000000000000000
0x19dfdc194bb5cf599af78b1967dbb3783c590720,2500000000000000000000
0x1a41cf2db18e50144b076063c222256cc0ccb64a,2500000000000000000000
0x1b4fda5c9eb62aa890d01003eec2daae20e8a343,89301661000000000000
0x1c2534ff8abdbbbd7d45a632dc147f7436824f16,2500000000000000000000
0x1d3c1f37eab0d0bf90cf8b0e14160d5d58dc96f3,2500000000000000000000
0x1d9a2c5086fa5f4bbbd7e684f3f16ed44d04fa5f,200000000000000000000
0x1df249f13b45be675c2fb43c76d19296b90cb556,2500000000000000000000
0x1dfb0f3daaf2192964c9c2a3f06912ac430c9f1e,925000000000000000000
0x1e2b59a838210dd970f09aacec9c7b6c6768834d,2500000000000000000000
0x1ecbbfe153c46347645f56096a214d982ac53c8b,2500000000000000000000
0x1ef84d542d3efab5241b56bc82a50093e28a2a8b,2500000000000000000000
0x20397a5d8b04d57ab9b285b94d4c7fc5da732bef,2500000000000000000000
0x205043ddfa3f742bcca920332ba1e6970701cfce,12500000000000000000000
0x20814cab68d53b2d05854c9828eb8a2cbbbbd4c1,2500000000000000000000
0x2181f675e810ad682df863f4593233b8b010b42d,247276898459000000000
0x2184d88114f300050841b82d7c344049278d5d82,250000000000000000000
0x21a6868be9335dc9e1ce8a39fe981b5acea762e1,84069879724000000000
0x21f38bcb0e0ce291fb0536c41aad36586750bd02,2500000000000000000000
0x222a3273ee8bbb90b954d0c195a46a338fb1820d,600000000000000000
0x2249ad76c1995822d1b7d3bd673b630fb68b6267,2500000000000000000000
0x2288ab0f0b81e6632c9154b0e8ce0b23fa04eabb,209113120000000000000
0x24617cf7babb16681184f9335834a7f053f42612,41007225000000000000
0x254119f59412802efea71689dfd6f0fe3b429bce,2250000000000000000000
0x2607084b0f342daa5c3157cb85a27b6ac3f60de3,500000000000000000000
0x266bbb1f62e65920f9a2564151d17be125c3b06c,1450293450000000000000
0x2705a3516dd983c81ab7fb17d075c77ff118d510,2500000000000000000000
0x2824bd8c4a16278712353233f37011b989eaa325,2500000000000000000000
0x283b40e5f28fd131a53cb158f2c04396febc6418,2500000000000000000000
0x2920620b47d51170319a531a2d6d5810610e8c2a,2500000000000000000000
0x2a369495c5108ab93128a84f905ea26566416428,3198713670000000000000
0x2abfaf3ec0b1323fc73c893e623610ea2034ceae,2500000000000000000000
0x2bf30058044ffdf42141511bcee24e104a2ee633,2500000000000000000000
0x2c59b17cf7af3ffa04ca5f23305811013e3bb18f,2500000000000000000000
0x2cea915874cd32045bc3397c732fee924ac9227b,2500000000000000000000
0x2d94dc4d69db8ecda720406c118702c0719b4345,250000000000000000000
0x2dadd6df80ff7008cedde37affec883655480ff9,12500000000000000000000
0x2e0a372fde848f2f6835599c05dd2fa17b6960ff,2500000000000000000000
0x2e46bdb8523e5d7d456387672b89bb0bb2503c37,2500000000000000000000
0x2fe95ba46d36e6bbc8d3bbc6bf3f18c85c91f3af,10000000000000000000000
0x3032d9bddd8732e91c5aca16c053aea2aa26020b,2500000000000000000000
0x304e270f3de1873cdbe0cad2dbed3bb777e41439,2499621274750000000000
0x308d0dd3298ac01eb0a26f4077a53379d4502595,2500000000000000000000
0x30e611012f0bf9f29b7a54cb738b60cf3e6a5f51,2500000000000000000000
0x310142ad4a636ed88a56b7dcc164144e5f7950f8,2500000000000000000000
0x32144a3f0ed8145aa42896a811c7a7ceb1717f24,3575321505000000000000
0x32882c68ab8832044bbe9b0e9beb738f60ae4e2f,12500000000000000000000
0x32eb9a25d36c585d2f89b9cb76a792a6eaecfd40,2500000000000000000000
0x33995fd4965765da3acbafdf0791b538a1d23ce0,933930610313500000000
0x33d8cdd8f2b66bf2fdcd7b1a84d047cea6642f80,2500000000000000000000
0x3443d039390f5b8dbae2d6bd1175d190e48dc529,2500000000000000000000
0x34b356d22c85f66ca3e7d88edc8f8a7d2edd72c8,2499999545000000000000
0x34b99d721ea5fa5feaeb7df1252e0f2534fe0da1,2500000000000000000000
0x353285385ed77d1e90d3788c74bdfa2534c11ebd,2500000000000000000000
0x35e04afe4d5cf3adb211caf1104ac11fdd1885d4,275000000000000000000
0x35e3a5f9a59a441f5b87416ed68eb99753e59171,2500000000000000000000
0x35fe19bef25665f80b1b6bc50bb6a9e0cd5cd2fb,2500000000000000000000
0x360cebac3453204d44032d4e4d2c9896de48a85c,2500000000000000000000
0x36699d43c0c603d123e7bc9f537a15cff2cb1be0,2500000000000000000000
0x369606edde71fb6ec43353330796544852bad340,2500000000000000000000
0x36c26b11006b1ea1df2f2deba31a0bb35d0ad4e2,1480000000000000000000
0x36d6c29e957fa8e533f1096711cc8d70931f101f,2500000000000000000000
0x3714e1078cb6f67ef01442b4213012b16889926f,2500000000000000000000
0x386c82b52d6e0dfb636c51b577577140cc1df4bf,2500000000000000000000
0x3957355c62e3eac522c9462af591ac763c674038,2500000000000000000000
0x3a0b433cdf858a29f3f31426d14dd5264700bd77,2500000000000000000000
0x3a1b51be347cc35bee967fa6d32c07b63cd4e41e,2500000000000000000000
0x3a5d9e242b7ef824c60f24ac23daa68859964543,500000000000000000000
0x3b7f503825a9960e2d1de200509af2f4061275cf,1500000000000000000000
0x3be27a8de4ec11a5bf64b3627c1667a8f289f44a,63781653708000000000
0x3caec1b35c38fde81b58f4beef61472daf3b8f68,1000000000000000000000
0x3d3a32f9c980a9187ab451c962756e6e5e344630,2623957315000000000000
0x3d4c438f918cf530404fd6dc12f7ad35e05d760a,522420000000000000000
0x3d6e4a3857edb49d0704e1940cacf5b8512d121b,2500000000000000000000
0x3d75b3f53903b8e528b95e0b21deddb31df37305,2500000000000000000000
0x3dc56e85283ca780d5fbda7337b6bc98a5e4f22f,2500000000000000000000
0x3df5133de45bb9fa5a995e1fb3864723474472a3,2500000000000000000000
0x3e0ac229fd52afe0dd1eb5acd4adac019d6a8a62,300000000000000000000
0x3ec63e862d3421ebc8bafd5f467b29d9d8f3fcc0,2518712910000000000000
0x3f2a89ecb736d3180be7b7068b3f1ac413bc08c3,2500000000000000000000
0x3f86af16565ba5f6654090a258f75313bfaea426,2363825220000000000000
0x849fa0db13481454833d93e8c5ed4cf359a3d1c8,2500000000000000000000
0x4052a0c3238ed0e44007fdcc9c9ddccfed075bae,2500000000000000000000
0x415f9cb3b8682bf1748452812e9fe60440cf27d6,1500000000000000000000
0x41bb607b8dc98242eec3c95584418706fde4bfe9,2500000000000000000000
0x41eadfa4ab87e09b5645e8b25c950c64da01355b,2500000000000000000000
0x41f4ffe53565079a17acc81e6c275c270f21ea05,241806123050000000000
0x424608494b4b1e6e4d8332518b031c4110ad2f63,2500000000000000000000
0x42cdcf83de17756c8362e73571e89c060759ee21,2500000000000000000000
0x4334fc936bd246f0e9ce8c0e182e6f9d9ceee2b7,2500000000000000000000
0x433502a6ed9680874f59f67183318c8be0a33d50,2500000000000000000000
0x435fd3088a2aa6c413dc0603eff3bb9d7bf97c24,2500000000000000000000
0x43d41e511f0b98b959ba1f423b630f31e11f11ca,625000000000000000000
0x43da6d2db9651b7042e31ffb2607a7cfa4d5d03b,2500000000000000000000
0x44b4d9081ff4639187169370497379ff662f11ed,2500000000000000000000
0x44c0d0f160326aa6783d98ff07897a8fc217481d,2500000000000000000000
0x46a68e49d1a42946c1e4d7372cc2b0fb82e0c73e,2500000000000000000000
0x46c4c4781fbcbd501e11ef8d87180c44026a3ec5,1500000000000000000000
0x4815366bb6f74796173c8bea057b5919810138a6,2500000000000000000000
0x4aadddc950de010eabb148057cea83e22d3aaa6e,2500000000000000000000
0x4b36ea0fa1a457fc0382830b744dfcf7ea3232e2,2500000000000000000000
0x4bf4679873019a14af187ef6e523807d9d5e6db9,2500000000000000000000
0x4cf8be01027ad66c4939181a5b8c5b2b281771f0,1500000000000000000000
0x4d12f5c524521e53eea589ef9df67fe04e56b047,2500000000000000000000
0x4d9b5ebbc755720a9cc6c472a1aef272960b928e,500000000000000000000
0x4e05455a4ac6710fa775e7defd028bc557f247db,2500000000000000000000
0x4e8c101bd3beaaa049e42b0db1877c9c5f90b724,5000000000000000000000
0x4ebb399c5c03891889f21e726ecb72ee05a7fb5b,507764659300000000000
0x4f942119e6ab0a6e4368e795d1d64291a3ff0da4,2500000000000000000000
0x4fb0a29c1efd289c837a1a00f02457f08bceb26c,12496747335000000000000
0x4ff4d57ba0afc73d6857d463381fcb580bf256d7,2500000000000000000000
0x4ffb72b66eba24521736924f87dfe10677d82286,500746019176500000000
0x5055609c32153724f78d6e6ef6b7d02b211b6ef1,340000000000000000000
0x5190242985abfb66ba17b1097bd14bc12d373dc7,2500000000000000000000
0x5192fa6618869ffd9fe6230d94b0e4c8f57adcb2,2500000000000000000000
0x51f059c07e03d330b007b48630a857e582be8236,139216530000000000000
0x539af3924ac2db853fa33b93e7e6acec9839ec91,2450000000000000000000
0x54bba94ab40cbc892e0ae6d5504d545dcd276aa9,2500000000000000000000
0x54cf1c30105cba99668049b1f46f28852d0202b6,2500000000000000000000
0x55a77770fbb3fb0f74e16790a6d30986a40d3095,5000000000000000000000
0x563e2f4bff54280dc715cd1779624b52684b490c,2500000000000000000000
0x56a47e0d3244ebfe7e84feeb2111ea13e849ab86,2500000000000000000000
0x56b3acddab7693d57be596163777d5fdf7551efc,951500745000000000000
0x56bbe6390b51d4f71a32ea86aea534598d6cf6dd,2500000000000000000000
0x56c0e3aadc595f60d21dd3e9a5a91d8e9703121e,2500000000000000000000
0x571fe9d0561c377abef25ee45fb6f1fb40258ffe,2500000000000000000000
0x5839fa6e03aaf23b297162714c2bb0046770c626,2500000000000000000000
0x5866505d38d99b5c13b27b8992ab5942bb22945f,100000000000000000000
0x58682d8e862e74316871b70ffaf2d03963206c1d,495890320491000000000
0x595d602661fd23ff26dfe8a4e19103564fbd10a7,1745908260000000000000
0x59d05c0f50095346814bb75cadf6c5d51caedae0,225000000000000000000
0x5a4867ab0f2d2aba7a9b8ec10e705f24e94f9af8,2500000000000000000000
0x5b3067c5e26fec823d6fbf8f315e43632658d2f6,2500000000000000000000
0x5b53ed6274b61bab06ebc0d2a87b8b4b12f73c96,2500000000000000000000
0x5dd5092ada4412cf829a1e1eb98f37ebc3261a31,2500000000000000000000
0x5defc9a77d5171fcf47a22ec1783c1ec24c375f0,2500000000000000000000
0x5dfbc15314501fe246b7d6091488b5bd55277b3a,142971170000000000000
0x5e1bc7c6fdc763cd0b2127aa8b7f7c4a0149501f,2500000000000000000000
0x5f5734cb35db6a4f2ac9b1cfe81ab8dbbefd8988,10000000000000000000000
0x5fd8eb9b9958e88698fa64f0e4a418f6c9c563e2,2500000000000000000000
0x60ac0b2f9760b24ccd0c6b03d2b9f2e19c283ff9,12500000000000000000000
0x612b8e8762bf14f445467d023f9f04c0c22d3dbb,250000000000000000000
0x614cbfa888a36613f3ff73d00c6ab377254e9e6b,2500000000000000000000
0x61b11000fe497a215fc3759142d5d662993afb93,893974611100000000000
0x623331fd48abca0af5457ba39b8328979c7fabd0,2500000000000000000000
0x625164dde1dbfb117a1477b574bc62aa67261ddc,2500000000000000000000
0x629f6a7335531791ebed6e7651634285c3280334,12235745525000000000000
0x6326aeef87a2a60dbcf267a3b021a5e300c17b53,1000000000000000000000
0x63f19569f0f729f137e1042639bf867eaf8e7b18,2500000000000000000000
0x66319221cc3b5ea8d949665bf65fe5ee45ccb894,2500000000000000000000
0x663211ac27b398ae6174d680d8a98d645ed4311d,10000000000000000000000
0x670ac837a1b768232e6fc665820c999e8cbd214e,2500000000000000000000
0x671f8edb620b99790739f49d337dd2b0ed56634f,2500000000000000000000
0x674b49d3a86c77b5554d2a78f24dad513af2dbe0,750000000000000000000
0x67592c823bcd2fefc6987766584e17aab6d582c0,3000000000000000000000
0x67b1ff96df1d0923467a5d8f972d0533c300cf43,900000000000000000000
0x68037f970edf769fc29c9916cee34a2255caff50,1000000000000000000000
0x6803bc6e4bd209537eb356feb03c66ba4a383f1c,2500000000000000000000
0x688d098928afd7d916fadfa2e2e25d367533b6ad,2500000000000000000000
0x68cd3a96f4ce0998e41559f6f292a26f6af1ab24,503609926250000000000
0x68f995a02a52a31fa7e820cbbd530e9ddbcff07a,121992875203500000000
0x69258d1ed30a0e5971992921cb5787b9c7a2909d,265100914415425000000000
0x69cd1c2e13113c09a22ff98cbd2db3f682f716b4,5000000000000000000000
0x6a1588c07da2a6ddb54c1e5a1b4e9a89bcbc30f9,2500000000000000000000
0x6a478095c5be760895bca772a91f414f03df6378,1000000000000000000000
0x6a5d8a800539879f68ea1613c79d6cc2ae039bb6,2500000000000000000000
0x6a9696899e5b114342882c358ffc7c4e620e88df,102500000000000000000000
0x6b0e251aca6f46377a2e52910b27a2c830a7d8c9,2500000000000000000000
0x6c2693f5a936f37ed03cfa8465bf2d8beff19a0f,593010015000000000000
0x6c59816c3ba468759381b0bae2fcbe3a27027488,2500000000000000000000
0x6cac40120df8caa99ae3e1b3fc959e0de31e808c,1559763095000000000000
0x6cb60ea44123b24daf738bb74990e7a615d49559,200000000000000000000
0x6dc8699ed13d4c9b71caf9ed9508042b645088f8,100000000000000000000
0x70015e62e7aa017d7a7594a51219fe4c276d6afb,600000000000000000000
0x702d2f5d52811d08a2211b49a8524355b9aeee6c,500000000000000000000
0x7037c3521616ca33f3362cc4a8ef29dc172cc392,2500000000000000000000
0x714010d6e9737c0c97e2345410cbdb2ec508ed14,925000000000000000000
0x7267db34b6072080923f92e626c2fc5da91ff25b,5000000000000000000000
0x72b590e6d43905b9ed260e386c70650f1d205e77,2395756680000000000000
0x73422a2722066c1750cb9fcbf79cabf1f08f9bf4,12500000000000000000000
0x735587aa624a21bcdb2b4558dfed94508b32af83,2500000000000000000000
0x738f958c5ba60274276eaaab9b7c1e195a64e2fc,2500000000000000000000
0x73ea3879ef0c8c7fded26d4f9a8184f9d077d4c7,1000000000000000000000
0x74a54e9c5ecf1c1ab33778df51f3e8c8ee894b26,2500000000000000000000
0x74dc445c8e24919975e63fabd3841d13fd0d5f9e,2500000000000000000000
0x75f2e07b7d6ee6cd0a5889dbc0083c428d9ee3de,2500000000000000000000
0x76574781fb8d68607e42d3bef0a5207665a8388e,2500000000000000000000
0x774fa0b0052ad2da651fafec60cc125332c1499b,2500000000000000000000
0x778fa65c416dca073565ce23fb6ec71e657d1154,2500000000000000000000
0x77b42f4694541bb538c554d378732dfb477b572e,2500000000000000000000
0x77c8899b3e7a1012ed5505fbb82a95c3a70117c8,2500000000000000000000
0x7813fb425f9409fe9cc0a24c9d2a074a1f3d21aa,2500000000000000000000
0x78d220ee5f12d2f080d1d86350a7ee4e0fc7bf3f,101879426956500000000
0x790bf39e80a36fcd51f2ce7d1df1ea6f372b9f2f,125000000000000000000
0x7a3084ff361ef62c979d548b163df908b773ed1f,325000000000000000000
0x7a78ee74d3fa77eebf56797f9bb3bf06b6878154,12500000000000000000000
0x7aa533b5e12955cfabdc2e52864b90ee3b7cfdfc,114705128184500000000
0x7d9048a13a96657b12dd69bbd8999e1be1c7d97c,2500000000000000000000
0x7d9ed74485c526df40e970b5b15df18396aa7653,996031155000000000000
0x7dc72aa520b137aeba8bd27d674866ce73dbafad,172500000000000000000
0x7e1d89efe0d75b659fece9159801fd9df37c0ac0,2500000000000000000000
0x7e1ea6b5c8cebb536f3b74eaeaa6bc9e821d4b44,2500000000000000000000
0x7e3bd161529eda074ba2f82ee985b7f8085cb5c1,2473517055681000000000
0xa90b6c923ca5af6753bc2ca06ae518b7bc418f32,4695000000000000000000
0x7eb010ee94df76f0310b9abcda8ffc301983d6bf,4987500000000000000000
0x7f45a9a584135a877ddfac9891f94ad8cce81fc0,494835333150000000000
0x80c60269762264f1ff40e30bb892b362b75de504,2500000000000000000000
0x80d09661298d46aaab20a5039665a7bf9d0dcc80,2500000000000000000000
0x813e372eb82008b31503027aaacddbd5bd228f89,2500000000000000000000
0x81c0976763f228a0bd38f698f4e24c028f2a08b9,2500000000000000000000
0x8219b4400853d62ed4b8f926dceb9f86dfff6521,2500000000000000000000
0x823b9b0399bbe7c03f7c89571ccb4286068832eb,2500000000000000000000
0x835a7449b33e041834f4808b488db3dbdb848103,2500000000000000000000
0x837fa98272ed6f7e4bb493dfc664fc7589c95934,2500000000000000000000
0x856a8284b6ae62ca00ef00d9dcf39cbef09103de,2500000000000000000000
0x86260912fff381d097d8e84463d9a9cf98ba685f,2500000000000000000000
0x8718125dd2bbf0bc1e0c76c0dc794b772821567a,502867800000000000000
0x8731372c0bbdfd496c6f85dc3ae9fe945ff9e184,2500000000000000000000
0x8753ca006e6a941377466fe4e0783be6a4e792bb,1250000000000000000000
0x87eb26e17392ba673e3bd775b13af3b684a8fc79,942521870000000000000
0x88f96204a47c3bd173b672a49f010149c4bd802c,1000000000000000000000
0x891fdf1892502c2b89bd88049385a3c5d140ed20,491369682266500000000
0x89730c1655a8627090f91e6cd2ffc3034bb249f6,12500000000000000000000
0x8c79a60ddb221dcbfc7e8d18dbdc3d9decacabb8,2500000000000000000000
0x8d3264231373c857110e254986cacd1fdcb62f15,2500000000000000000000
0x8d345c1dcf02495a1e7089a7bc61c77fe2326027,7006659600000000000000
0x8d425941712415e4b92c2b9139f8df887f0fe6b2,1500135000000000000000
0x8d979a82ed53b603d5bede17844bc86f3813b2c7,1476428500000000000000
0x8e7cc4eafc424e6c3442b160b9dcbd081a4e540a,2500000000000000000000
0x8ee04ed98d631f23391130c69a8609f82c8102c2,1250000000000000000000
0x8ef351141e9f36cda28db1af4bc6616d4d58a6da,2000000000000000000000
0x8fda04e38c8549961eeb77e6a64c8bd8ddc9d407,2500000000000000000000
0x8fe2dd17fd7a965ad976e49c4a7039924d0841e5,500235099707000000000
0x8ff51fd619bba1fefd404d7b25459cd38dfb7032,2500000000000000000000
0x9188d357c55e56f6eccbd7240fe29e450c9d91eb,2500000000000000000000
0x941689a3677ae5d7547aa6b298773db1a50e2ebc,4596958465000000000000
0x952118d279812a68a3ef54bec1e86a5ef7ff904f,555937500000000000000
0x9631faf188dc81d978e5bbb56182951d54289429,2500000000000000000000
0x9647712f9e87ff28b340b362ae535f1117ad92c8,12500000000000000000000
0x96b08318a2a9fc18c1af7e63404e11ee6de8cfd8,50000000000000000000
0x96dc3c7e0c59b6804d2078b32f6b8e9e1e719854,2500000000000000000000
0x96f4ec1640257ec4d4f4527eabe904ad2afc2d07,230000000000000000000
0x9745c9462585263c7a354002c7dbaee5085f979c,1000000000000000000000
0x97675d5d3ffd22401b78ba4c0a34faadd2039250,2500000000000000000000
0x97fd87cc32ed4ccee07b17e1159e9aca85b223ab,2500000000000000000000
0x980b8ec7491c080b87f821144b261843596e98b9,1735000000000000000000
0x98b267c74728e49fd14bdeedd7e08f6c610be38a,2500000000000000000000
0x98ed1eae1836fa93a20fa389fc386ba75bd07d5b,2500000000000000000000
0x9902b65e5d84a8b23a4dba4966654153ebfc4627,2500000000000000000000
0x99b6a43b6f96909037608e1e73e4c98e1ec3f562,2500000000000000000000
0x99b96b1905aa5ae769a20d8e41c9b5738a13e73b,1100000000000000000000
0x99e512a245953da7bdc869d8adbea5c4d93a1eac,980000000000000000000
0x9a499155e6d5f6a8722876a5ad0c4a47b3322c87,12500000000000000000000
0x9a856e0d42c1a9d7f8ddc0d7d06ca27313ff4e1c,755604935000000000000
0x9aced0a343831ce6606a071aece347f06498064e,177841552528500000000
0x9b702dc99ca8e1a0846d4cc673d45b473f670323,2500000000000000000000
0x9bb7c31ede9e2ca3589f259d14d04703234e38c2,2500000000000000000000
0x9d480d2e3a1a3e5fe678ca8b932b4ca7d1503e2c,5000000000000000000000
0x9d9ac7ae2e68c589b3d06efc5b30eaf961599f02,192936150000000000000
0x9e9b13abc5f7f5f7a7953e1b2a30f3014c547130,2500000000000000000000
0x9f72b48ec2410586a49c75963f094b23738a0cf4,1000000000000000000000
0x9fd28576964041bd73ea68f2f09ee587c858d291,500000000000000000000
0xa0a8338295e07e11f118ddc8e3f604b84cdf791d,10000000000000000000000
0xa0fa13f542c1f45facc537f8ba8db3c4f91a4fd9,50585550000000000000
0xa14a711e5d6f38bccf81d703cb8a949f9a1d3cbb,10000000000000000000000
0xa21901993ac74f3d7db6eea3e1b5fdc94879da7e,2500000000000000000000
0xa30fb3bc8d7af774d9c612c6ebdb8aa58232d334,2000000000000000000000
0xa33285321b3303949b3d1caef02724fbc7023a27,165091294450000000000
0xa345d6388cc1dbf76689a8720f535c91c450e820,2500000000000000000000
0xa3964b0e113c0b215e47f1d2ec9b40996e124930,2500000000000000000000
0xa3c56b60e018fa19100ee08e9128c3b80b25ba8e,2000000000000000000000
0xa40e0330671540286254a67a70712bc0d0800b9e,2500000000000000000000
0xa455884687f392af0c64675700ff18ae8c51af50,10000000000000000000000
0xa502173e7ceabd3c90ede0164325e84323987796,1243586780000000000000
0xa61ab1b1d0c5876c39068409e94f465d8b52e7eb,2500000000000000000000
0xa6c5cd80cd2ad231347708ceef117267c80cd0a5,2500000000000000000000
0xa7195c71aa20481fa0c093e51323f8a4d3a2f5d2,5500000000000000000000
0xa792ba69231b088688dbbb36773c74e04566d6b6,2500000000000000000000
0xa8470d7e5052f64f87db7e5d40ca660cfe339531,9999998475000000000000
0xaa2b610bf24237c15ba7eba7d1122f2246776e64,2500000000000000000000
0xaa56c1febdb4c9698cc09b6065efe23443474114,7495000000000000000000
0xacaec33fca95b1351927aa092c28bd813c525226,2500000000000000000000
0xacaf23b5d619edcc135a400a0ecb8f81a79a9a73,2500000000000000000000
0xadb261cebb20d1e13c70848d9af6b28e408e05c7,24082620000000000000
0xae8f0e1be19deaa4eadb7f61607c9570304ca46f,2500000000000000000000
0xb139d467993aa119711a527f492ccea9a4e53cb2,46738405000000000000
0xb2d5acb6297f2fc9dec9589e6a541e7b8672c23c,2500000000000000000000
0xb3bfb32977cfd6200ab9537e3703e501d8381c9b,5000000000000000000000
0xb46e6b39eee4168a636093401b1439c14e95d9c3,2500000000000000000000
0xb4b1a6464be993d0fa7ac2a81194ec49ee880350,2500000000000000000000
0xb5bf6ce1597504bc086fa7c17e73397fce1a50f5,2500000000000000000000
0xb5d5c0565eb2a6c91b1eb31067646f2e9d725ff9,2500000000000000000000
0xb5e9953940dcaa05def45665676884f659ec60f7,2500000000000000000000
0xb6111c33d7b439604fa7f7324f7bb7c51579d03e,2500000000000000000000
0xb6d7430542e62517ad4c8c699fece9ab80f83531,39266290000000000000
0xb842ee848dfe4786fe6272ae75e7605facd6f4b0,3100000000000000000000
0xb84afc36379f6e36161ce0125f4e198af36c00c5,504859424950000000000
0xb9328ae4ffadfad326eb39aa25429760ea28d043,1257401025000000000000
0xb9e4d5715065f5fddeb6cb60c122488ff4d09f9f,2500000000000000000000
0xba312f9517071cd01f33c32c077d838fb83fe9be,2500000000000000000000
0xba69593f1f51d4b2ff0a73298c8be0c8586be931,5000000000000000000000
0xbad19e37e23ebb8e91ad0b7bfdbc193f4010ba2e,5000000000000000000000
0xbad447203d16fe48d7c2c42032b49f392ac055f6,2500000000000000000000
0xbae6379acaee0fd0d5922caba1895292533b6fb9,4999391260000000000000
0xbaed8d4f349815568a9a36f45f6cc04eec99d72e,2500000000000000000000
0xbaf88b32025aeaefee010013da46098382475ddc,1250000000000000000000
0xbba2379f5cc9a2f248c5cf18ad72379ae2478f42,10000000000000000000000
0xbbcf796a56b677d0883015a2bd80afed165c1b8e,500000000000000000000
0xbdf4b597dc14ac8c64e5f34e4eb81110dda5bfbb,2500000000000000000000
0xbe18255cd826ea8aadaaadb133dfd735a06b0e75,2500000000000000000000
0xbe3d17b43b3abca1859c13179a1d1f5ff231d6d9,2500000000000000000000
0xbf68f1ce39ed3bd9b20944260aa678bb934d164b,12500000000000000000000
0xbf95ef0358af5d15eef43dd1ebee92d6b47b770d,10000000000000000000000
0xbfd8aa4c17dfcfada2a15e171b5efcbb9f27ab8d,2885690000000000000
0xc091ae026811da17e2f5f4090e4cddc47b6153cf,2500000000000000000000
0xc09d026ffd87d36bb5f02b339166efba75069403,2500000000000000000000
0xc14352ad978771051f46a3c8eebd43add56a6899,10000000000000000000000
0xc1491119314d67455f50ab9799d7bec54ea681da,12495000000000000000000
0xc189324070b5e8f66c2710622929ac7a942b7466,2500000000000000000000
0xc231d89fe7995b4f5be43aa5877ced34b75d24b1,1000000000000000000000
0xc29dac18bf481c1615caebea293b84c15b383828,10000000000000000000000
0xc2bb35a8a51bce4eb27a01d257bc1b86b4ee1753,2500000000000000000000
0xc2feed3ff48d865c44bac9fd4f7509df93ec76f2,2500000000000000000000
0xc3d7163360170cb62be9907d1dca4fab2a13cabc,2500000000000000000000
0xc582a9ee95bb62d621f691c4721e15d282a798c3,2500000000000000000000
0xc591aaeec6b139b40fd7d91e1abcbcd940fe89b4,2500000000000000000000
0xc7076a538613bd0f1f5224deebae10257170b41c,2500000000000000000000
0xc766545ef68b49e5c70f4e04c52a9caf27b9a9a6,2000000000000000000000
0xc77340907570de55eeb7b91acc30e163505bcdbb,2500000000000000000000
0xc7b2186afff6d0ff8566fe112e30c8c5a3424046,2500000000000000000000
0xc7e31caf3d236135c7671c86575d7057b4e37a40,2500000000000000000000
0xc8fa33679e5b2114d8344ad2f8567f4887a6c8b1,2500000000000000000000
0xc969a10372391724205869e80a9bbb54fff7e2c4,500000000000000000000
0xca381687154927c4948ccc751028a7e9b50c8fcd,1750000000000000000000
0xca8928486be0803f954c3fedf1fe995c9ed8945d,2500000000000000000000
0xcb255c4d7556a63d96d6b8b467b615e269ae2a22,2000479400000000000000
0xcb5a998cd81ff0d7613981a64ea2b1d49783b8e5,2500000000000000000000
0xcc7f6eb2637a48392b6cdeabd847b502bb702bbe,100000000000000000000
0xccf1c5f8fcf90008630778e0615fd3f597655a77,2500000000000000000000
0xccf5958bfb86aea25e9ae77598c558f37a91d2af,2500000000000000000000
0xcd180eca01740098321951e9698a43520c3b6fab,495388330000000000000
0xcde7e2c01a6d46a693fec66bb04155af04f8235b,12500000000000000000000
0xce1cb8bb004d6f3b9f8166e3fb90617c5b723a70,2500000000000000000000
0xce29cec7552ab3c9cf5264ed96081c2804c3ef07,10000000000000000000000
0xced3fc4610761f79242d7d8a72fe86f3a1c626b4,3099655525000000000000
0xcf6b59b5f5bdc9585720b2bb8de9c30111ae4872,225000000000000000000
0xd0218959d0e45c0d9397ebe9d7f26912a70c15ee,2500000000000000000000
0xd18b8d61c160e779cefeb61d47600061007a6130,2500000000000000000000
0xd1ad811a222f2684f42baa3d852aeeabe2353dd4,2500000000000000000000
0xd1b62db7ad09e615a4603e89c2f25fe8ad67e596,1000000000000000000000
0xd3620104d54d0cb1d1450b600f3fe843cade1ff3,2500000000000000000000
0xd3cb705598c7ecdbb5b4a33b6dbb3cb4d64fcec1,2500000000000000000000
0xd480a5c44e54f216717566a28c49f9874fa02bfb,2500000000000000000000
0xd593e659fe0283ddbfec11237ef46207bda6c313,848844045000000000000
0xd5ecdae4fff83a81a7ec23929088e0db7455a5ad,354284766850000000000
0xd65a892cf2a71383227f56886af6d0eab38d5552,120116640467000000000
0xd6774d4be0cc524e8350c82ae0b76414faadf657,1000000000000000000000
0xd7ff819916bdebe9ef18811c03b5bd1b88e17441,2500000000000000000000
0xd88d0de304381c96d54af059bea11958827cc322,2500000000000000000000
0xd895bded79cca7e77ffb38ff88d134d5eb3091d3,2100000000000000000000
0xda03120a3a7c67612e6d2c31b2b7498a876d2987,349058060000000000000
0xda4c20bb77eea27a47d27adabf2071328d93a67a,10000000000000000000000
0xdb9e450bb772f63425b9f6df81d69f2c3b8ee832,5000000000000000000000
0xdc232e884a3cf741a3d8079037e4033f49a661e3,915000000000000000000
0xdca555a01ccbcca90b7f0cb3dbb970ebdc99189b,2500000000000000000000
0xdd8dcce83d19628131bcb4233d9882a2384cc319,995000000000000000000
0xde45900762a3b139c2890f2e2d34baa5ad892c94,2495000000000000000000
0xde4fd702d487f2256b79f6b8f129a5ec5999c916,10000000000000000000000
0xde83b9dd1900b86b8b3db8d4c597089eed5cf911,2500000000000000000000
0xdf037d3078024265754ade7af5c7f60db4340f87,750000000000000000000
0xe038d943560de7192e6bd72a65916823f80031a8,2500000000000000000000
0xe0a599b0d20348dc5cf742c2cc8ecbabb5bb07ca,997414195785000000000
0xe0b3200d1feee0c93fe51bb734de0187db49cd89,2499998860000000000000
0xe0e4bff7ed1cd39dfb4310eebf078187586526c8,7500000000000000000000
0xe1ecf8ef96a4a01e1cb713321564530dc3165a8c,2500000000000000000000
0xe2253032fe37679ceb17ca42f287a5dad92ef7d3,2000384517650000000000
0xe2c2bbac29a8991c21d50cfb76d56ef455d85157,2500000000000000000000
0xe323e7116df02f8339ba9972c2830007d4423a87,658028960000000000000
0xe4416b12496aa2f182c47625ee138615b0e76405,1000000000000000000000
0xe4b7fbc0c55299db43553908c36c98afd641d3cf,2500000000000000000000
0xe53d3f2b99fe0ed6c05977bc0547127836f0d78d,1000000000000000000000
0xe64ad79e3db72dceda1840c75b3753ae385c7596,2489831437492000000000
0xe68fb3f8bad8abe3c289890898eaf39e2e5aa708,2500000000000000000000
0xe759887aa3b0433b36705455c75a9f8f17029b4d,170378140000000000000
0xe827c9485d095a82f427a4d1a54e781663da2de0,5935360235000000000000
0xe834d001b5a2adbfa2f3339012dd1470d6f89ab0,2500000000000000000000
0xe897c19e98e4aa9465cf0609a33af90b6a4ca2fd,2500000000000000000000
0xe8dbb6a7df45aa81dbb08d595bc2eb7d6d129f17,2500000000000000000000
0xe93086375044d0ac07acb498bf6d8b25bd53fcb1,817974157541500000000
0xe95d4e083e2863e606c930438a60ed5fe734d064,499572171250500000000
0xea1a492c1d0f1c57924937b54a118d799b6d6442,2500000000000000000000
0xeb946c5b8d6d179c8a6090e68e0a61ec6839f95f,250000000000000000000
0xec08c416138b9dc0b8256d96a40abe67707b7f05,2500000000000000000000
0xec2209f765e51d429b3e03c4f09e000b530f5ee3,2500000000000000000000
0xec627c40c46f8649d321ef164a8f690ec0ec363b,513283765000000000000
0xedb82eaa5d2eeb0156528d19af8f942b65b377c0,3848401439421000000000
0xee20f85dd3f826700a6a42af4873a04af8ac6d75,2500000000000000000000
0xeefaef10ac38f9751d1acdcc03fadd2f7d5ccec0,2500000000000000000000
0xef3b50dbc6b6069c63999d81408e74ba432644f5,2500000000000000000000
0xef492e0d43fe8ad042d6cfbdcb7f48775e544ede,2500000000000000000000
0xf02037571fbe132e3c69c39dbd8941a3a833e1a3,2500000000000000000000
0xf0244b65ea65495447bf1ead85a0520a04abe2c3,1108316000000000000000
0xf03ba38bff13755598fae34f5196fd66303a402e,2500000000000000000000
0xf11e795484e2915b47a42b3e456f7eefd92fe863,2500000000000000000000
0xf1d968251fc105da8c42945beaa0af7486340af1,1006792364900000000000
0xf2910fa35e1c1bf1bb497b6d4dcc98bbc5214e15,2500000000000000000000
0xf2da34a196b739811a593c9fc434f23e099a03d1,2500000000000000000000
0xf2f5da9a4bc63f9aa77ac67f8ca2700e8218deb1,5000000000000000000000
0xf2fbe54a78aac6ff92c4410277d44faac4650f98,2500000000000000000000
0xf3381ee675e4b0ee5a74ecea36b3dde77bc23c47,2500000000000000000000
0xf3db4f713fd09d0febfd7e5f0db91a637cd93c41,2500000000000000000000
0xf53e2c37a22f877079fe24314fbe1c44123c0ebb,500000000000000000000
0xf55828dc035b00d939b9866c875a19df9e4e2f4d,2500000000000000000000
0xf5f79c2a4df97b0a87383c330378d6345c62ade4,519137778699500000000
0xf6a2147fcf86ddc23e503c673cc1da2ccd0b5183,1485000000000000000000
0xf6f2aa1b475630f5591f59d3c9b66d36d864146e,2500000000000000000000
0xf77506dac023a7483b8ec308b387abb161ac4fa0,1550000000000000000000
0xf7ce6831c1c6770f6cdbafcfb88fe6731ea477ce,2500000000000000000000
0xf839c3aa0cc2bb0d5a15f2e3ad86d470dc3da841,215000000000000000000
0xf8cd0344e6245f962b30fb045810303d023fa548,2500000000000000000000
0xf8ec46e27fb35a33e54278a398a53b3372d5a13e,2500000000000000000000
0xf8f217aa1932afdcdb16713cdd221880bc223d26,12500000000000000000000
0xf92948a7d1bc904bcb4b30e6d2423152c95ca109,2500000000000000000000
0xf9aa5a57411c17d2f7757e9b32fccee8565556de,2500000000000000000000
0xf9b4cb0233419624de9255cde5a14dd148d76eb4,2500000000000000000000
0xf9ead0bf48f32fee2b852c5eb4d4f8effbfcdcae,979207103550000000000
0xfa7c11e9e2d4fcd0f4646515a17289f5892a40b7,1508102195000000000000
0xfb488d2a34a26b64ac6a8c70ace61ab03189af62,475395750475500000000
0xfcd69b45f3620a56dd5d6bd166b95a69d6ccd29c,2500000000000000000000
0xfcdb8f1e047d9b6b51af412ac835fbf55305b74d,2500000000000000000000
0xfd059d49f1c7a39864a4b0524945f9eb4cf6f782,2500000000000000000000
0xfdeb4f82e3ffaec6264b2b66a289b1142157286d,2500000000000000000000
0xfe36d8cca4f93ca51d58139cc4599e1fb9cb0078,563710851500000000000
0xfe496c70563a078d8f6915a67ee0824e022be9b2,859542005000000000000
0xfe6afa52a53f75b48d0e48fafad28fc8c621b33c,151000000000000000000
0xff6a85ee4505b699b3e4131f37b1dbd6872eb3b5,2500000000000000000000
0x3ef93b6a68fcdde7c2b3dc817d54221fa829d4a7,2415000000000000000000
0x41a6ac7f4e4dbffeb934f95f1db58b68c76dc4df,202952015000000000000
0xf28570694a6c9cd0494955966ae75af61abf5a07,2500000000000000000000
0xf2ba2ead3d26c213721114a02e0c56d8631ae388,5000000000000000000000
0x07f22c9e4665abc36df451775ad8e702aa59c0ab,150000000000000000000000
0xc32e33f743cf7f95d90d1392771632ff1640de16,10000000000000000000000
0xf4a26d163b0ab6e855c93df66db009295fa42138,10000000000000000000000
0x4063dba05b9e15faccf296dfe1ff60fb8b66bc38,500000000000000000000000
0xee38638a11be08399f2b0b5054ec20bfc436bd63,209997577051210000000000
0xc2ba28aabb15c065a1e9bd04f87eaa1c772341de,1500000000000000000000000
0xd84455fd51122d336e39bb5d32dde23b80a4552a,50000000000000000000000
0xb73f8abc0371b1ab67f9daaedb7ecbc1b1dd7e79,207500000000000000000000
0x2e5a55e053b3e63579f14a17557a6adf7e50f12a,7500000000000000000000
0xf98cb88e650ceb1077786f906ed6142259249f38,7500000000000000000000
0x5f13fbd61bc5dc77758d72f4fbf17ba591f1962f,7000000000000000000000
0x84dccfb3f3e044229fa00e216e2829725579d97f,7500000000000000000000
0x3c8a05355aea473ccc69a2d23ced73be4fbd9860,7000000000000000000000
0xa733911c9dc801ddffae98a0b4efd40cbf150c76,7000000000000000000000
0xffbd12273a89507902d5f7e432685094b4a7653f,7000000000000000000000
0xf69e594ddccedde159dc6922e9786dd2f762c600,5000000000000000000000
0x68e2bf5bdc36785898ccd37d9310684d862d9f16,7500000000000000000000
0x01204297db860f097c2902be6d6ac3e654b89c66,500000000000000000000
0x7048b5651039064a0659c8760d5dcf3488f3388d,15000000000000000000000
0x3b892dc004ab2c67e32728a3f5e045aa3ded74d4,7500000000000000000000
0x33b3fda8815d5b33ea8e408820f85d0627bf8a3c,33330000000000000000000
0x78a28daf9a40b770a94d6fe1ec0ef5f68f7b2f93,33330000000000000000000
0x8c2d18745e40681b585ddc82d2665b9073505a91,25000000000000000000000
0xa58e8de5f5c1a2f8074d1fc9b09311cc93a1705f,15000000000000000000000
0x62d30c62a18dff43bbe1dac01b15a00890bce4f7,12500000000000000000000
0xb69a08259b71f9a7f237789e02826fc331f0a073,10000000000000000000000
0x68f59c6d30c1bb696a7e508d4fe778c70d5ae09f,10000000000000000000000
0x0d90665c51a8d4f86213ca5b1aa1cec6eb851281,10000000000000000000000
0x7cc65939b665e1fca38ac6fe1564e2129c1e0a82,10000000000000000000000
0x91e110ed98c9d90f323e7efd805a22331bea37ff,2500000000000000000000
0x8c2d18745e40681b585ddc82d2665b9073505a82,105000000000000000000000
0x3f4d72dc0ea090186569d226f2c26592c17a4421,17698964000000000000000
0xd3f4381936a90db280c62b2783664c993eb6a952,34649894799611000000
0x7e66d1693052f66ebdfa4426279849de4ecf3f33,3158350000000000000000
0xd0d0c58da21d60f2a87efd6e68894387a97a1dc5,30727393559356000000000
0x123112645192fe70aeefd846e058dc35009fb429,6980188827888240000000
0x981c0f6b3a31b00df8b83052dc8c065209d60aee,30073559565401100000000
0x6720ddf5cd112a57ea30f1f16b70f6f213af71e8,54910410493318400000000
0xeac02c66714a595045b1d6c08f2ed298c34f6a08,133861669177820000000000
0xff8656a2039545b44a440a76f2adfb40e1a17b9b,5650000000000000000000
0x1f87ee1e1e73fcf1daede163b3f40eeed9db7ebe,1153111653078410000000000
0x6006dc3715105fe66a59a431f9cbd45c1b0ddfbb,60586111076930600000000
0xe5708cf731516a4322106e4a7c86650af2b6639e,83477421754147500000
0x7be3ab1a9cca9d4cc8908cb466d1cd4b0bf55f5d,6265467571136860000000
0x38cd8859c0f48d4a90dcd8bffba28d2357089aec,3553534722605190000000
0xefecc10af67e108bda9bbb88457d11e2df6c2eef,22443609239270100000000
0x5aad2e13496fc1e9713175ae902dacfe08abd591,60366422023243500000000
0x953b1104f279129b539faf47a117e489a2c15120,367250000000000000000000
0x50606e5191ce3feab3b3e4f3cca5b33664c9c165,34497954311430100000000
0xb6f1da79eeb3cc45214e4c504db0e50100f77e64,49194312462804700000000
0xc64f113fc97f3eb621cca6b14010d6900e1c406d,11793244149851200000000
0x3fe4B9C51e238cB90a25A11e13167E37ff974298,20000000000000000000000
0xA8229D9fb825C4E7A557c66cb8FB57b23e343d21,15000000000000000000000
0x7BBb33889aADC5BC23e2bA90b3Ec967650272001,15000000000000000000000
0x62352F1A701cFF2aEb6B69D6A8CB196887020F22,20000000000000000000000
0xd0c9fECc2902A23370fC3b412AFF82f4d64F0D55,12500000000000000000000
0x7d5e7Aa33fac4732B364430bdB0F03DBd3EAe319,10000000000000000000000
0x130dbaec9c990421428407148fdba9f0cfd841df,17500000000000000000000
0xebc298ABd7cCBC0432717Dd3350909fba1fF47Ad,7500000000000000000000
0x7EBD7E05260670C5C4b374225a266566E24a2fCd,17500000000000000000000
0x9d78d7c1cFdC1cd7fD256a09f3cc63e1f9D4f679,10000000000000000000000
0x87454fD733173947042457492073484f4B754252,42500000000000000000000
0x402537AFF466fcbc9Ee8e1d4bf8aFAA2DbE753b6,5000000000000000000000
0xd999074F947f9813bDD161Fb2452332ac6a4D695,57500000000000000000000