0xa6d9a105163fc67a61f0a4d1d5c4032a1e51501b,35,468924808338169000000000,468924808338169000000000,69,0x96A71fdf600eA5e8E0cc3786e5c781117a39E224,3,468924.8083
0x66f91039549108e595a3936ac634f57f7558ddd9,146,333793315250586000000000,333793315250586000000000,887,0xc46Db5Fe12Cb2e365900c9e4DdDdE4F1A3b4da2c,3,333793.3153
0x825736e7336232cc595c345d049474226fdd154e,173,351524720636363000000000,351524720636363000000000,82,0xBAD5f42E621fDE7F12A64AeF26a406f449052714,3,351524.7206
0x8efea4475ded9a1b41f862cbfc9956a428507315,273,268262623955071000000000,268262623955071000000000,305,0xD69645273442c5dea3fd6cEFAF8aA991A5faD44F,3,268262.624
0x2b4e19f8d24b33937ddf3210a81d6aea54402e2d,278,368591255712443000000000,368591255712443000000000,769,0xf0282E97dca5333C6973e9d4F07f32DF50F6e02A,3,368591.2557
0x982dd304cf5d140b5c1673999ccb4e69dc1e7e53,315,251827314723797000000000,251827314723797000000000,564,0xEc96D109e77002fC1Ad45F9FE00Dc307Fe9B4291,3,251827.3147
0x3060cccd9c0414d5796244311fb3bc75c03b1a53,333,754691001314067000000000,754691001314067000000000,1596,0xb8B03deCAc7F9084f24439604506db9f0A26AC30,3,754691.0013
0xe5fae1a033ad8cb1355e8f19811380afd15b8bba,388,308127495194091000000000,308127495194091000000000,78,0x6E3eB6020f3bF2b4bf814c65b64763fEfdF954e0,3,308127.4952
0xd581e286911bb17f067a826e25305b798d65b1e2,425,4531897943207200000000000,4531897943207200000000000,1633,0x9f132AB89f871f185b066FC5f5c54a445470eEEF,3,4531897.943
0xbf479afb9eb8b74500127e5f32245fe1a66ad6ed,434,500000000000000000000000,4401135406292610000000000,1640,0x5D325193ad47786a5Bda5492c987738dDeAbc2F0,3,500000
0xa4a62f7127c644aaef733029e0d052e411fdafb4,544,419798546967212000000000,419798546967212000000000,81,0xbF355f56c0FFA805E1e9F9f782dfcE3e01098550,3,419798.547
0x13ba3308cf8c3c64659919819499a2711dede8f4,552,500000000000000000000000,500000000000000000000000,990,0xE326B374B087e14046dd47adeB068BBEbcdE2720,3,500000
0x0a83985e4a6e8dae2b67bed4f2d9268f6806ce00,644,306025931138379000000000,306025931138379000000000,1646,0x22d29dc5Ab7ca77380B3C72eDc1760A6161F11ac,3,306025.9311
0x14c0338959d08eeb21cdbc7e1fe0350be87d1fa7,664,7033954230756020000000000,7033954230756020000000000,1795,0x07ab5E74108E516851D52357b51F6DCEC818161c,3,7033954.231
0xbe782ec98ce7135a056e31300a9831fa35d52865,808,472451565248389000000000,472451565248389000000000,188,0x2B37e3818F89B767E71bD4dd64C6953177c157cD,3,472451.5652
0x836e71f16a53577edd2ea377a8ab29a90ae0cdc0,1097,487724065334090000000000,487724065334090000000000,1804,0x80AbbF30E49442f5f26e01195B36edE8809a6326,3,487724.0653
0x10890742a1a20a936132072c20ae77b081486190,1152,5145959724410820000000000,5145959724410820000000000,2039,0xA8D6e5dd1004ee1a12cBda26B6Ebfa9eEC6872d9,3,5145959.724
0xa0bbc65077467317674b4db02f33a6bd986c7d4e,1154,250345869360855000000000,250345869360855000000000,2038,0x04AEbcC4BD654636267C3Db67f7f8a2EDaBC34B1,3,250345.8694
0x07fc27c075a142789f316484abfff9221f0bc1f4,2,173118640908415000000000,173118640908415000000000,1788,0x1e78AeC07AaAc96460BCf98C2849b922F98cD606,2,173118.6409
0x51256ef00c2485f3a40fe1b6e4e779147bcdbb58,16,79982904224647400000000,79982904224647400000000,558,0x9677558fBa3f7da89349a68CA09e36379803b70A,2,79982.90422
0xaae31efb56af2d4da4f8b98aee5f269e03d1fce8,17,110875854331943000000000,110875854331943000000000,724,0x49d573A684Ff5F12d443eB8159ff4c679067db39,2,110875.8543
0x2b01501c2e2e3200e68f1fdc557a10c82bf05626,21,195247427337362000000000,195247427337362000000000,644,0xE73535b1535A6af76765A20506E1fe8409e03b61,2,195247.4273
0x79269c79e84ad6d9ed1b913e1fb30b26c8384629,25,291053785179156000000000,291053785179156000000000,73,0x2afB5CfF63EB98c67eA5b88de612Fd5014b495E3,2,291053.7852
0xf06c79c4fa207df457295d81914ba74a7cac6bbb,28,84766791283727800000000,84766791283727800000000,422,0xAe3178299910E121AA1026fF76470Cb7631C3Dc7,2,84766.79128
0x6ec7b4fec23015ed9daa8dbf0e3573da69e5d36e,49,54522787789291100000000,54522787789291100000000,160,0xA9a017B299c123065302644DD481a2E3C2C5Cc51,2,54522.78779
0x31e5bcad42eb889f8a190cb4292922276959ed58,63,65193903810590800000000,65193903810590800000000,1279,0x85f3a0dDc57F3D734026395aEe0402d61d250A02,2,65193.90381
0x7c9457a775015eee6e098cb1a4ba6cf9b0fdf3c0,83,107639533806048000000000,107639533806048000000000,948,0x6D80275Fbd2837DFAD02eB8C94b2574Ac2FDfc31,2,107639.5338
0x106bf19d7f44dfd1e4d41b0890e568ad7fb5e511,94,73104125863339400000000,73104125863339400000000,685,0x2D7e39931e4E994BAA62C20459418Ff1AB3F2e52,2,73104.12586
0xf3b8869c906f5c185084ab379de0c607f23f4747,96,73239799120777400000000,73239799120777400000000,20,0xa74e110864F053ca1525F31125E6B84927A152cE,2,73239.79912
0x755ce5f31617ded6e41d15cc51d8ff642ce10e9d,193,93462704560293000000000,93462704560293000000000,503,0x764abf48BfbB7266DF0F18E1e459329F2b791C27,2,93462.70456
0x99afc0f1d580f5baccfe9d4f864a1f34aaf192ed,250,170327784104784000000000,170327784104784000000000,697,0xE29cea38D0199F719F57068CDB288c535C43242a,2,170327.7841
0x1bfb00d16514560bb95d4312fdd39553395077af,269,57604372654919700000000,57604372654919700000000,348,0x30B6349bB2E3Bd90E244b2D26e984df08B4f90C2,2,57604.37265
0x25bf2711bcb147b31bf3753f32c6a89a688b3518,297,95458503796515100000000,95458503796515100000000,315,0x5F765B697FB8C10320d94f24776f05f29546C5F9,2,95458.5038
0xfb0c1380b2917f8c1072b49d69873445abe2e34a,299,96175510920951800000000,96175510920951800000000,322,0x78E6D97dd72BCca2565506D1B632c50C6d54c1e2,2,96175.51092
0x5e160708a5abe101049a1f5f1e85b2f9ac16c05e,302,95359775949874100000000,95359775949874100000000,311,0x5cdcf476ad4842cB1dF4F45C9721f01a076E8139,2,95359.77595
0xc2164fb26ecc6ce4855401a8c9ef2b7a653b7c7e,372,63427185003359700000000,63427185003359700000000,525,0x16a0AAe0Dd932Fbe5047D381F842db567c249BD4,2,63427.185
0xafe24a8f46b78b09b46834d513bb8da715cb8e56,417,60141157766835400000000,60141157766835400000000,165,0xB4B5A00E5df4749B2Ca563906Ce66Fd8d48d5987,2,60141.15777
0x61a92da98595a05232f31e0c7dfa6c712d35907c,418,81901030452602900000000,81901030452602900000000,1528,0x041181dF6cAE4eC474d2394D9B2478A382894254,2,81901.03045
0x65a7c3cb6d1c3cef361063c57936d9d4c9d7bcab,476,52738645409880600000000,52738645409880600000000,699,0xEAbf47C679470555Cc15b046522B11FB2b0305E0,2,52738.64541
0xf712ab8c4505eb4b36a2ff9fa746470be81e6538,541,59476300585676000000000,59476300585676000000000,1277,0x3c7F6fdA00D79d470f9E9DA075C021c0b222AAC8,2,59476.30059
0x5edab16ae9f6aeceba0a016000bcaf9f650ff486,731,103187069459858000000000,103187069459858000000000,567,0x5D09D37A8757EdE94DF20eA381a4eA31Eaca9B26,2,103187.0695
0xcc2e601f4e686366b7a0a581eae4d26b0768f4b2,751,97011043941382500000000,97011043941382500000000,866,0xf4C7835C3e50FdBBFaF3416087Ccc4291f0905E4,2,97011.04394
0x63a2cbc6bceda3cc12fc7def000c465c20bf3bee,754,62435805256338600000000,62435805256338600000000,32,0xc57816C828CB401c8C51C2dedb6EBAACa62A951C,2,62435.80526
0xd93ec7e214c50fe64050d0a88002942f0e242659,758,75153386753552300000000,75153386753552300000000,610,0x7E9B893765C43FD9018131DE4C3ca87cde88e828,2,75153.38675
0x79e3371d3b3941b2b43e653181e52e91789113a3,765,60874512023340900000000,60874512023340900000000,1260,0x7e629ca14eAe2fd80200DB54493EBEcfBc3CeAe6,2,60874.51202
0x2c8cddb4ed5aa7d28fcfcc75313de4286e0b5e32,786,89571353465302600000000,89571353465302600000000,1532,0x5A6e7A94579AcA81D59A75DDDd705E7a1d386346,2,89571.35347
0x827c4243634e99b146c9fc73cf703af5e5d183cc,879,51932376858397000000000,51932376858397000000000,511,0x6d37063d4449A790f56EC0a6E886e4f503D238AD,2,51932.37686
0xa6a2ad1320cec227f24f404fccc120b71b41757d,1025,50001982892450000000000,50001982892450000000000,1403,0x2321c9e0d67Fd97C5739dFB155808f6Bc4B30bfF,2,50001.98289
0x6c3c301bb3af46c86205844c7ad9ef8bd6593baf,1027,50006024792856100000000,50006024792856100000000,1475,0xa1e943742455575937b154b86dCA52Bd2cC7aE7c,2,50006.02479
0x23d31a5750cb33effc81a67df4b34d98d4ec4d68,1039,68394483431854700000000,68394483431854700000000,1530,0xA26f1F0C78973bBB30aC2eEdf5ad106506f9aE21,2,68394.48343
0x22daa9dcef3e0e5c6a5e69ce82cae7451ada40a0,1042,250000000000000000000000,250000000000000000000000,1526,0x6454987226b50A745dc6a2Fa990aF300Cc24235f,2,250000
0x98a8a0e239142fcfd697331580f237f2df72642a,1067,59054793938596100000000,59054793938596100000000,1674,0x5e4539c39B87A51c63d46380971808755F181269,2,59054.79394
0xc96b1b44cba2513fcb82f1814d3ef29624864f07,1194,51194246503745600000000,51194246503745600000000,1634,0x9e037504799fDCc4CA99B107E25a0f228F3CA823,2,51194.2465
0x6375fb9311e409fcd134e7db885c3c4f59b096b8,58,14141884278015600000000,14141884278015600000000,31,0xa3c95ADcad1326A5770940bCC90837fB672B7644,1,14141.88428
0x5a3bc55fd22bac7ae8603d83baba5e91c3ffa462,66,8362874609351450000000,8362874609351450000000,385,0xB374aCC6B184fee5E88deB3e91E17a76e94d3C46,1,8362.874609
0x2aa6b66ce9432a67953d1f37533cf0b05a5f6e08,70,199999998946609510000000,200099998946609510000000,317,0xDd1397F0e5e38279DA01464972fc320cBa770EbE,1,199999.9989
0x9bd48e08e3444b30113812acd52458b35c33803a,82,20354925341633500000000,20354925341633500000000,326,0xd17dA4Eb0Ac54383de3188c11274f1Bd2530522E,1,20354.92534
0x01b86aeebcd1ff94ac1195cfc8fd9e39db24db45,85,19883771356904900000000,19883771356904900000000,252,0x1DB048FD63C864BB25C2E03aF79DE8171cd60A86,1,19883.77136
0x5951bbbcd6ffe9f599a83929f37d80a03b4d6260,117,169799124342268000000000,169799124342268000000000,689,0xc6bA6E98F493189089791Ad488aF1FB70D0e102d,1,169799.1243
0xba9cf060c5bfb19bcef56e230ae8c21fb2047f1d,132,6771183019410060000000,6771183019410060000000,37,0xcf71dC2e0CAc9f7bdA56F7b78859D0FCb1eFf4aE,1,6771.183019
0xa4c824dee616cd972987d540737237bde1d8ef6e,166,10901710432326400000000,10901710432326400000000,1533,0x7d34822BD8fC30aE703135C0f3420B8d2Ad9a818,1,10901.71043
0x2a0c21e4dde9411c6fef20e8d34afafd4addc4aa,181,8348021623974450000000,8348021623974450000000,1510,0x995ff5c17B285AB012D0468b7FbFd9dB88176c29,1,8348.021624
0x78192828bdda122034de3c83a087412f9a1c464a,182,26968424296276000000000,26968424296276000000000,43,0x4741d22325D47C4239aF7d6e28C9faA246ef7A4F,1,26968.4243
0xa2c10b4c19b1f5c285f25531ebce8eeb0158d079,189,5918729715294430000000,5918729715294430000000,919,0xb9B5C05596e1b7FE0C881750E82FF60562F83fc7,1,5918.729715
0x668808043b073d8e42ce450063756af594824bf3,204,8067603633329660000000,8067603633329660000000,153,0x8A09Fb4f80fc26B08320FA52Eb383475a8a51C24,1,8067.603633
0x2eed1de354d1853ebd5ad40f6ebf7d95a81daa20,217,5844943206242610000000,5844943206242610000000,303,0x1940A6B29F3751380eCA8f6F0c0C9C0EFAe490C4,1,5844.943206
0x224377df89271fb881fd53f1fb64c709f0b3086c,230,19009338985558800000000,19009338985558800000000,41,0x91b5057760d97bA115BFab821Aff2d597FBF1f47,1,19009.33899
0x18a031539a43860f83cb5fd9ed6c5f4368d0fb5d,253,8974507448989040000000,8974507448989040000000,571,0x861dB9754891E8BCF763d302553accA36bA2052a,1,8974.507449
0x9b3426690374e24d5ee89ab9989e921d51588e89,272,5966674979179680000000,5966674979179680000000,936,0x05d10F52d8868701558B6760cDf42Ec17b45a30a,1,5966.674979
0xa75efeff59b9cdb0b1abf6e58c3fa024ed7661a2,301,6298711281300220000000,6298711281300220000000,978,0x2b863a4f3b5dF2353C904cc2771691744F7FEB80,1,6298.711281
0x42d8b35f9eaa5d21cbaa498c342757205cdd72b7,304,8861895050000000000000,8861895050000000000000,369,0xEc5768aCBa8D76E0a0FA0fe2E7275464d5726409,1,8861.89505
0xc6003171b9c32426d743a6911e36207d14ad3c17,308,10844553500000000000000,10844553500000000000000,57,0xc7e122E0B143C79C8530b6696abBFF52D064540c,1,10844.5535
0xc0b961945c5832253c70bc346683f3be3f566376,321,6160722426286380000000,6160722426286380000000,455,0xD8612C28749C6d89F9039EdE4E9717137B6C774D,1,6160.722426
0x78dc87dd50d82ad55c39ebabadacb10696bef96b,334,38293620110952400000000,38293620110952400000000,741,0x419ba720C9305C1B6d950362ee410fDB39f6B251,1,38293.62011
0x6002ca6a5a935171345c9e25c3cd6e277a4d6631,423,27251134401785800000000,27251134401785800000000,1327,0xe2066Cf4a1C1AEEce69c309aa78f52f169964366,1,27251.1344
0x4c8a825eec24d49cdabc86a5372726dc85f33ade,449,10741732345567100000000,10741732345567100000000,1205,0xf7018D007B18d3DAFCb6c564C1cdBa1dCC2f2C21,1,10741.73235
0x8646516a78421efb14c80eeb1f28b1ddab212577,452,12180378520112700000000,12180378520112700000000,1005,0x9D916f742D81E629B6adB92E169CE76dC581c39d,1,12180.37852
0x5f151c016c0cc5197b62449f732512cdc2c63a3f,458,200000008413592000000000,295339258413592000000000,241,0x6065d1051f5A6f8B57e0134eb2B45254E95702e8,1,200000.0084
0x5c981f5997b2dfbba93b4570221373fb429e3de6,469,12168186445273900000000,12168186445273900000000,938,0x6F5A893975425C16E4e8ebe7E16DD836D7Cd125a,1,12168.18645
0xf590382e9c1347a7e72edb10d54769f63fa18cd3,478,25510645461907000000000,25510645461907000000000,90,0x7db33DD78a76F3Ea11c119dDf6B80fa22d3175E7,1,25510.64546
0xb7abdd02d437fe0a8b26547f2f44261f25843bb8,546,13849357400252100000000,13849357400252100000000,2048,0x0d4dfda1Acd7777aBFf64f6dD5E64e92a4E4c4D1,1,13849.3574
0x89231f349f6c4910174baf1fd8155485eb817365,565,15390373912883200000000,15390373912883200000000,745,0xEAa9d4FD3537e86100BC9e44Ed63915866b5f56e,1,15390.37391
0x3275a74ceedfcb8cfaa86ad3e202574b76bc865d,567,15317939077239400000000,15317939077239400000000,392,0xd675cf6Ef502dBBDdBCA8BBD5B89DdfaeDFF6214,1,15317.93908
0xb68dabf88e221fb4469928ba1ea6dd312a342aaa,568,171000001395177006000000,178199901395177000000000,1177,0x4EB3E48444a63691ff71d974970a9Fffb97d2865,1,171000.0014
0x3d8d9e4732009e38f9893a691f206dabf2ea2617,578,10380313822038400000000,10380313822038400000000,449,0xDef612eeE2c85eb21FeF86DFCfFCbBAd94b74659,1,10380.31382
0x976e574feb14f1ecbfec42b77a4b46bb0ab1341c,592,22426584113823400000000,22426584113823400000000,1543,0xE9834aBbeA03028F7aCd0D098514439797e3455c,1,22426.58411
0x40067d0736ff54789ab846b9a23ae7573a5d0cc9,606,8060994212294170000000,8060994212294170000000,837,0x0c138CbDE4B10040f98fe1E1Aa98f95E6ef1B41D,1,8060.994212
0x296f502da7a3656a2bfbc34f72d286a7ce6f9c8d,607,7250836513922340000000,7250836513922340000000,408,0xC1dE4B0C06c52088ed022A8E9727d436c066F978,1,7250.836514
0x4cb75146e98562c9d79b31649c6c739e4dcb7cd5,631,13919282100985800000000,13919282100985800000000,593,0x7a04a6B9fF490CC9E0eC032d7e7c727d848a55A2,1,13919.2821
0x18bcfeca6349d8df5b560a756a2997eb66aa4dd6,635,5787906153303470000000,5787906153303470000000,793,0xCf3eE8bCFFcB3FAeCBb3f355Ebb970C96c6DE21b,1,5787.906153
0xc3c20382153ba2566cf213713221e40755c249cb,639,12377918321804500000000,12377918321804500000000,1233,0x27cD746453B6174eF17544838803034de7193cB3,1,12377.91832
0x22ec97503f9aa4ba17b4aa2a8ed36af96a943518,668,5806909120179600000000,15806909120179600000000,215,0xA547200Bd7d53Dc5e3bE24327f69Beb0f8503F2b,1,5806.90912
0x998d9f658b01ee8f7cc7180b2e97efba68710331,678,8137130590440570000000,8137130590440570000000,1727,0xE4831e200F3FF7857eb785d8aEc52ff8374df48A,1,8137.13059
0xfde8d0168e1f9b0eae204000e29e40118281c7be,701,15364540859340300000000,15364540859340300000000,145,0xf692bF931A38f6fe303891B51f355510E777ccEd,1,15364.54086
0x5e2531895621571f75e87e7cc1611a89c34cbd25,702,12073756075195400000000,12073756075195400000000,29,0x3170077e87639646221Cabe28626a4E29A64D922,1,12073.75608
0x6fd8e8858866effbe0cc710bfbce753901dfd50b,708,8670836965576790000000,8670836965576790000000,417,0x212852a28450d16fd6060eBFa87e4822fEe49a7c,1,8670.836966
0x1aa1d9f3e3a45417eeb55994041fe13cdb26cee2,715,15396707864585300000000,15396707864585300000000,61,0x5fcC61A32D75C94CCDE42B9C25e64e5Bc06BD7ec,1,15396.70786
0xb6a70af84726e7754ca6acbb215500a6e6171697,727,12721483500000000000000,12721483500000000000000,592,0x16Ec30DCa9Ca9C4ba543739aaDbA9b93aaC69ad5,1,12721.4835
0x7b230f8235f3e3b14aefd3ed657479e8ffd931a7,770,9967822601323590000000,9967822601323590000000,869,0x31986D60896E8DbefC6538b5edBeeB73161712f3,1,9967.822601
0xb3d01d33cd613a24c2890c9cb138224f0f7727e6,847,10609243105030800000000,10609243105030800000000,362,0xA3A824f7431d7b1D26e9732b30827D45b2cFC9f9,1,10609.24311
0xa9eb95cf5d2f1c5bf0c68bd5cbe863b1fa3ca6cf,855,250000007091724000000000,272051207091724000000000,726,0x334E5C9F766f3075b98bDad8E2253870dD2b128B,1,250000.0071
0x131759470ca68a3d88bd14b5a68f35178349048f,940,131337205745220000000000,131338205745220000000000,806,0xF3Ea5Cc685A47dF7A4C775a6721B1394Ff9E199c,1,131337.2057
0x08b746d26f050e18247b32c72cc4e50de8a22402,996,8164488148740150000000,8164488148740150000000,1203,0x5A11cf42DA251682081E15124bD6424De3F50aF9,1,8164.488149
0x36e85f33b6f6f6f0fa4e17b972530248a1c613db,1002,16032062367828300000000,16032062367828300000000,1416,0x1CddE2D8dBf3Ae281A625B07f88a61A3BAFEe485,1,16032.06237
0x04631d0e8b1a7efb9470f81e512eaf0d7dfb9eb8,1050,5438904603035830000000,5438904603035830000000,1615,0x0b7726daE2998f207e1bE6a6701FBF2FAD4c6281,1,5438.904603
0xa74ef63bffac18eb2172126909145dcfae623257,1101,12402592161481400000000,12402592161481400000000,2005,0xEAB9830795E2D6c2C669e6427152D7C358290F36,1,12402.59216
0x716410bfb864a494df9b943a63e942e6e895d21c,1129,10000004398586400000000,13632634398586400000000,1943,0x668599095037EcbbB78651772371281B43FD9a36,1,10000.0044
0xfec391411c560c89449a1549a2fa37699453275e,1143,14037021223135300000000,14037021223135300000000,2006,0x54032A50E6b6830eB3b1a878B26Ba4C73D80b388,1,14037.02122
0x8afe875d4c22254b7ac0343714b30a9bb5a3d1c9,1144,13428390093830800000000,13428390093830800000000,2007,0x1DE6f06Fed215464c1223332Cb657E16203A17Ce,1,13428.39009
0x03e1e40b59e9189c5f391b29a7ed0c6b8af795fb,1185,7632161377276420000000,7632161377276420000000,1544,0x354163AE1c1d40716Dc8d25a7997CCaEdEA9a9fb,1,7632.161377
0xd002f6c28cea8297c1b8704ef8949bc9e5135692,1193,5452250000000000000000,5452250000000000000000,22,0x62391d0aCBcb9a36D96D166877E62e877F070a6f,1,5452.25